0.5731895223420685, 0.18538050245367166, 0.28222124024156725, 0.2728274480340598, 0.20224768442484273,1
0.5731895223420685, 0.19841793012524722, 0.28222124024156725, 0.2708239418983219, 0.21513563833935231,1
0.5731895223420685, 0.2065480114260602, 0.28222124024156725, 0.2829451540195342, 0.2231735307840649,1
0.5731895223420685, 0.20735369515857166, 0.28222124024156725, 0.29045830202854994, 0.22397012145705864,1
0.5731895223420685, 0.2065480114260602, 0.2800117837678598, 0.29391435011269723, 0.2231735307840649,1
0.5731895223420685, 0.1978686003076246, 0.27780232729415233, 0.2907588279489106, 0.21459256582367636,1
0.5670261941448477, 0.18992162894602055, 0.27338341434673735, 0.2786376158276983, 0.20487885665591482,1
0.5685670261941482, 0.19457262140188963, 0.2755928708204448, 0.27182569496619086, 0.20993356782642542,1
0.5639445300462286, 0.19764886838057566, 0.27956989247311825, 0.27603305785123966, 0.21156659088202465,1
0.5546995377503887, 0.1779828609096902, 0.27956989247311825, 0.27693463561232157, 0.18944530483703748,1
0.5546995377503887, 0.18538050245367166, 0.2816320518485786, 0.26521412471825695, 0.1967122995935818,1
0.5546995377503887, 0.19764886838057566, 0.27956989247311825, 0.27197595792637114, 0.20876541429621892,1
0.5546995377503887, 0.1843550867941112, 0.27956989247311825, 0.27513148009015775, 0.19570495505812407,1
0.5546995377503887, 0.19387680363290255, 0.2816320518485786, 0.2680190333082897, 0.20505934322819175,1
0.5562403697996893, 0.19069069069069214, 0.2818088083664752, 0.2698021537690957, 0.20239192601380884,1
0.5577812018490084, 0.18750457774848156, 0.28198556488437176, 0.27158527422990236, 0.19972161742437772,1
0.5546995377503887, 0.18347615908591522, 0.28104286345558993, 0.26776859504132233, 0.194841526704123,1
0.5496147919876768, 0.2008349813227862, 0.2786861098836353, 0.27468069120961686, 0.21035318262225192,1
0.5546995377503887, 0.1935838277301691, 0.27632935631168065, 0.27948910593538695, 0.20477150003625694,1
0.5546995377503887, 0.18116897385190064, 0.27632935631168065, 0.2734785875281743, 0.19257507039823063,1
0.5546995377503887, 0.18457481872116016, 0.27632935631168065, 0.2694214876033058, 0.19592081356285562,1
0.5546995377503887, 0.20105471324983518, 0.27632935631168065, 0.2727272727272727, 0.21211181609060484,1
0.5546995377503887, 0.2042408261920456, 0.27632935631168065, 0.2812922614575507, 0.2152424442443248,1
0.5546995377503887, 0.18918918918918917, 0.27632935631168065, 0.28084147257700975, 0.2004539730264266,1
0.5546995377503887, 0.1989672599428697, 0.27632935631168065, 0.2772351615326822, 0.2100607794865818,1
0.5479198767334331, 0.20735369515857166, 0.27632935631168065, 0.2842474330077638, 0.21623027911977108,1
0.5496147919876768, 0.2042408261920456, 0.27632935631168065, 0.2936138241923366, 0.21369403955750482,1
0.5479198767334331, 0.19973632168754113, 0.27632935631168065, 0.2890558477335339, 0.2087623898800097,1
0.5343605546995412, 0.19457262140188963, 0.27632935631168065, 0.284748309541698, 0.19962739145333255,1
0.5343605546995412, 0.20120120120119964, 0.27632935631168065, 0.2802404207362885, 0.2060961134359213,1
0.539445300462253, 0.2008349813227862, 0.27632935631168065, 0.2802404207362885, 0.20727458409956628,1
0.5343605546995412, 0.2041309602285212, 0.27632935631168065, 0.28339594290007514, 0.20895537919446364,1
0.5343605546995412, 0.1977587343441002, 0.27632935631168065, 0.279038317054846, 0.20273660316590025,1
0.5343605546995412, 0.1966600747088551, 0.27632935631168065, 0.2782870022539444, 0.2016644479198535,1
0.5343605546995412, 0.20193364095803115, 0.27632935631168065, 0.279038317054846, 0.20681092055791708,1
0.5343605546995412, 0.19973632168754113, 0.27191044336426573, 0.2802404207362885, 0.20466651782671644,1
0.5343605546995412, 0.19457262140188963, 0.2674915304168508, 0.2758827948910594, 0.19962739145333255,1
0.5343605546995412, 0.2099538562953197, 0.2674915304168508, 0.28114199849737037, 0.21463846496991942,1
0.5343605546995412, 0.2041309602285212, 0.2674915304168508, 0.2902579514149764, 0.20895537919446364,1
0.5343605546995412, 0.1987475280158206, 0.2674915304168508, 0.29045830202854994, 0.2037015548362127,1
0.5297380585516209, 0.20105471324983518, 0.27058476948004123, 0.28264462809917357, 0.2045585543587432,1
0.5343605546995412, 0.20881857467223472, 0.275740167918692, 0.28625093914350114, 0.2135304111439122,1
0.5297380585516209, 0.20094484728631062, 0.2736780085432317, 0.28715251690458304, 0.2044514993604971,1
0.5158705701078613, 0.21028345418589323, 0.275740167918692, 0.29105935386927123, 0.20933760973300256,1
0.5251155624037013, 0.20643814546253564, 0.2736780085432317, 0.30112697220135237, 0.20840361346935596,1
0.5158705701078613, 0.19567128103713474, 0.2736780085432317, 0.2943651389932382, 0.1951647580019181,1
0.5103235747303578, 0.19578114700065913, 0.275740167918692, 0.28705234159779597, 0.1936165134123125,1
0.5075500770416058, 0.19457262140188963, 0.2692590955958168, 0.2784372652141247, 0.19162129162398694,1
0.5158705701078613, 0.2065480114260602, 0.2736780085432317, 0.28685199098422237, 0.20571424235233024,1
0.5075500770416058, 0.20193364095803115, 0.2670496391221093, 0.2886551465063862, 0.19874078119526142,1
0.5047765793528538, 0.19988280963890576, 0.26690234202386215, 0.28785374405209135, 0.19592778236480038,1
0.5033898305084777, 0.2099538562953197, 0.2679334217115923, 0.29135987978963185, 0.20524115913962857,1
0.5033898305084777, 0.2099538562953197, 0.2710266607747827, 0.29511645379413975, 0.20524115913962857,1
0.49922958397534967, 0.20193364095803115, 0.2710266607747827, 0.29797145003756575, 0.1962490982012239,1
0.5047765793528538, 0.21189482165092058, 0.2710266607747827, 0.29706987227648385, 0.20753593388745697,1
0.5033898305084777, 0.21006372225884412, 0.2710266607747827, 0.2991735537190083, 0.20534728719080134,1
0.5075500770416058, 0.21665568007031422, 0.2710266607747827, 0.3032306536438768, 0.2129816092912335,1
0.5158705701078613, 0.21335970116457925, 0.2710266607747827, 0.30879038317054847, 0.21232167918749006,1
0.5158705701078613, 0.2111623818940892, 0.2710266607747827, 0.30788880540946656, 0.21019018995961947,1
0.5158705701078613, 0.21482458067823776, 0.2710266607747827, 0.3058852992737292, 0.21374270269049228,1
0.5117103235747332, 0.2207207207207206, 0.2710266607747827, 0.31329827197595794, 0.2181876159458462,1
0.5117103235747332, 0.22500549329817612, 0.2710266607747827, 0.32126220886551465, 0.22233876425540727,1
0.5158705701078613, 0.22317439390609967, 0.2710266607747827, 0.3247182569496619, 0.22184300542599575,1
0.5158705701078613, 0.22291803999121065, 0.2710266607747827, 0.32832456799398946, 0.22159430005225056,1
0.5158705701078613, 0.22852120413096022, 0.2710266607747827, 0.32862509391435013, 0.22703046032834087,1
0.5117103235747332, 0.21764447374203474, 0.2615996464869642, 0.33012772351615327, 0.2152074335175807,1
0.5103235747303578, 0.22332088185746865, 0.2647419845829035, 0.31930879038317056, 0.22028085655051427,1
0.5033898305084777, 0.22621401889694562, 0.2615996464869642, 0.32501878287002256, 0.22094960036241326,1
0.5075500770416058, 0.22280817402768624, 0.2615996464869642, 0.32231404958677684, 0.2189337306686389,1
0.49922958397534967, 0.22317439390609967, 0.2615996464869642, 0.3221136989732033, 0.216739283939792,1
0.5075500770416058, 0.22280817402768624, 0.2615996464869642, 0.3245679939894816, 0.2189337306686389,1
0.5033898305084777, 0.22961986376620513, 0.2615996464869642, 0.3236664162283997, 0.22424026195765676,1
0.5158705701078613, 0.23313557459898923, 0.2615996464869642, 0.32982719759579265, 0.2315075679447192,1
0.5158705701078613, 0.22105031861129412, 0.2615996464869642, 0.33148009015777613, 0.21978232645265983,1
0.5117103235747332, 0.21973192704900024, 0.2615996464869642, 0.32351615326821936, 0.21722968839088927,1
0.5158705701078613, 0.22185600234380576, 0.2615996464869642, 0.3203105434510395, 0.22056395722814198,1
0.5158705701078613, 0.21874313337727969, 0.2615996464869642, 0.31450037565740047, 0.21754406122522427,1
0.5117103235747332, 0.22170951439244116, 0.2615996464869642, 0.3138993238166792, 0.2191455546558052,1
0.5158705701078613, 0.21973192704900024, 0.2615996464869642, 0.315702479338843, 0.21850331029406758,1
0.5117103235747332, 0.22291803999121065, 0.2615996464869642, 0.3089406461307288, 0.22031638378369578,1
0.5117103235747332, 0.2261041529334212, 0.2615996464869642, 0.3120961682945154, 0.22340319500022046,1
0.5158705701078613, 0.22170951439244116, 0.2636028870231256, 0.31810668670172804, 0.22042184198928835,1
0.5158705701078613, 0.22170951439244116, 0.2655275691068888, 0.3138993238166792, 0.22042184198928835,1
0.5158705701078613, 0.22170951439244116, 0.2645455884519075, 0.3154019534184823, 0.22042184198928835,1
0.5158705701078613, 0.2155570204350691, 0.25806451612903225, 0.3092411720510894, 0.21445322364755662,1
0.5158705701078613, 0.21335970116457925, 0.25806451612903225, 0.30277986476333585, 0.21232167918749006,1
0.5158705701078613, 0.21973192704900024, 0.25806451612903225, 0.3012772351615327, 0.21850331029406758,1
0.5158705701078613, 0.21775433970555916, 0.25983208130799823, 0.2988730277986476, 0.21658482334196522,1
0.5158705701078613, 0.2155570204350691, 0.25762262483429077, 0.30668670172802404, 0.21445322364755662,1
0.5251155624037013, 0.2155570204350691, 0.2571807335395493, 0.30413223140495865, 0.21727652244443313,1
0.5251155624037013, 0.21335970116457925, 0.2527618205921343, 0.29526671675432004, 0.2151383845632378,1
0.5158705701078613, 0.20435069215557014, 0.25497127706584183, 0.2934635612321563, 0.20358292433061753,1
0.5158705701078613, 0.21335970116457925, 0.25806451612903225, 0.2886551465063862, 0.21232167918749006,1
0.5158705701078613, 0.2143484948362996, 0.25806451612903225, 0.2841472577009767, 0.21328086735940752,1
0.5075500770416058, 0.21226104152933414, 0.25806451612903225, 0.28685199098422237, 0.20873035768807136,1
0.5033898305084777, 0.21105251593056465, 0.25806451612903225, 0.284748309541698, 0.20630244581316115,1
0.49922958397534967, 0.2057423276935487, 0.25983208130799823, 0.2850488354620586, 0.19992282492925795,1
0.49922958397534967, 0.21006372225884412, 0.25806451612903225, 0.28279489105935385, 0.20409129050397634,1
0.49922958397534967, 0.2065480114260602, 0.25806451612903225, 0.2772351615326822, 0.20069998045604107,1
0.49922958397534967, 0.21226104152933414, 0.2633672116659302, 0.2772351615326822, 0.2062109302890165,1
0.49922958397534967, 0.2104299421372577, 0.2633672116659302, 0.2758327072376661, 0.2044445600083913,1
0.49922958397534967, 0.21335970116457925, 0.2633672116659302, 0.2803906836964688, 0.20727077066458713,1
0.49922958397534967, 0.2096682047901559, 0.26006775666519366, 0.2764838467317806, 0.20370976114334585,1
0.49922958397534967, 0.20281256866622716, 0.2633672116659302, 0.27392937640871523, 0.19709686672873247,1
0.49922958397534967, 0.20896506262359918, 0.26130505229046985, 0.2686701728024042, 0.20303149109398075,1
0.49922958397534967, 0.1987475280158206, 0.25511857416408895, 0.2617580766341097, 0.1931760105362208,1
0.4930662557781294, 0.2041309602285212, 0.25511857416408895, 0.25860255447032304, 0.19652239054866666,1
0.4853620955315901, 0.2008349813227862, 0.25511857416408895, 0.2622088655146506, 0.19105496076178982,1
0.48073959938367045, 0.2041309602285212, 0.25511857416408895, 0.2578011520160282, 0.19284008070103117,1
0.48073959938367045, 0.2041309602285212, 0.25511857416408895, 0.26130728775356876, 0.19284008070103117,1
0.48073959938367045, 0.20193364095803115, 0.25511857416408895, 0.25935386927122467, 0.19073370767347073,1
0.48073959938367045, 0.20120120120119964, 0.25511857416408895, 0.2594039569246179, 0.1900315953182807,1
0.48073959938367045, 0.19973632168754113, 0.25511857416408895, 0.2560480841472577, 0.18862738858842779,1
0.48073959938367045, 0.19973632168754113, 0.25511857416408895, 0.2517906336088156, 0.18862738858842779,1
0.48073959938367045, 0.1987475280158206, 0.25511857416408895, 0.24613072877535688, 0.18767956259835186,1
0.48073959938367045, 0.19578114700065913, 0.25511857416408895, 0.24327573253193088, 0.18483615016387359,1
0.48073959938367045, 0.19285138797333773, 0.25511857416408895, 0.24417731029301276, 0.18202793807342113,1
0.48073959938367045, 0.19285138797333773, 0.25511857416408895, 0.24337590783871793, 0.18202793807342113,1
0.48073959938367045, 0.19578114700065913, 0.25511857416408895, 0.2435762584522915, 0.18483615016387359,1
0.4853620955315901, 0.19676994067237966, 0.25511857416408895, 0.24462809917355371, 0.1871523333562291,1
0.48998459167950975, 0.19578114700065913, 0.25511857416408895, 0.2444778362133734, 0.18757184881838865,1
0.4930662557781294, 0.19695305061158858, 0.25511857416408895, 0.2405709992486852, 0.18961334738532926,1
0.48998459167950975, 0.19248516809492416, 0.25511857416408895, 0.23981968444778362, 0.1844028339066679,1
0.49460708782743, 0.1946824873654142, 0.25511857416408895, 0.24102178812922614, 0.18788449217456946,1
0.49922958397534967, 0.19248516809492416, 0.25511857416408895, 0.23996994740796393, 0.18713613835603385,1
0.49922958397534967, 0.18918918918918917, 0.25511857416408895, 0.23335837716003005, 0.18395743640602139,1
0.4869029275808907, 0.18538050245367166, 0.25511857416408895, 0.23335837716003005, 0.17666983766905817,1
0.49460708782743, 0.1946824873654142, 0.25511857416408895, 0.23200601051840722, 0.18788449217456946,1
0.49922958397534967, 0.19050758075148308, 0.25511857416408895, 0.23621337340345605, 0.18522890244372023,1
0.49922958397534967, 0.18215776752362117, 0.25511857416408895, 0.23410969196093162, 0.17717661615979632,1
0.4853620955315901, 0.1868820039551746, 0.25511857416408895, 0.22764838467317805, 0.17766022887133917,1
0.48998459167950975, 0.18336629312239067, 0.25511857416408895, 0.2270473328324568, 0.175635862178208,1
0.48998459167950975, 0.18215776752362117, 0.25511857416408895, 0.22103681442524417, 0.1744740444912184,1
0.49922958397534967, 0.18336629312239067, 0.25511857416408895, 0.22133734034560482, 0.17834202985310993,1
0.49922958397534967, 0.18538050245367166, 0.25511857416408895, 0.22093663911845712, 0.1802844227081571,1
0.49922958397534967, 0.18069288800996267, 0.25511857416408895, 0.21953418482344103, 0.17576401564165775,1
0.49922958397534967, 0.18105910788837606, 0.25511857416408895, 0.21983471074380165, 0.1761171634965229,1
0.49922958397534967, 0.18457481872116016, 0.25511857416408895, 0.22118707738542448, 0.17950746006113358,1
0.49922958397534967, 0.17996044825313115, 0.25511857416408895, 0.21592787377911346, 0.17505772448121143,1
0.49922958397534967, 0.18215776752362117, 0.25511857416408895, 0.21893313298271977, 0.17717661615979632,1
0.49922958397534967, 0.18215776752362117, 0.2509942554131684, 0.22103681442524417, 0.17717661615979632,1
0.09707241910631775, 0.45176884201274436, 0.1707173368684637, 0.03666416228399699, 0.29352564581513957,1
0.09244992295839811, 0.4550648209184795, 0.25924289291500957, 0.04132231404958678, 0.29474692159287846,1
0.09707241910631775, 0.4561634805537244, 0.24274561791132715, 0.039819684447783624, 0.2972369914743795,1
0.1063174114021577, 0.48033399252911446, 0.23390779201649728, 0.05033809166040571, 0.3208505555150071,1
0.1063174114021577, 0.4770380136233795, 0.23862129916040653, 0.05334335086401202, 0.31805756489221215,1
0.11710323574729828, 0.47850289313703803, 0.23862129916040653, 0.056448785374405425, 0.32303554812368096,1
0.12326656394453694, 0.4827510437266535, 0.23862129916040653, 0.05885299273729047, 0.3287969361840617,1
0.11710323574729828, 0.4827510437266535, 0.23547896106446725, 0.059654395191585274, 0.3266487105010902,1
0.11556240369799764, 0.4834102395078005, 0.23155103844454264, 0.06265965439519158, 0.326672654529825,1
0.11710323574729828, 0.48538782685124143, 0.2319438307065353, 0.06145755071374906, 0.328891442782719,1
0.12942989214175724, 0.49099099099099097, 0.229194284872588, 0.06972201352366642, 0.33798730340179584,1
0.12942989214175724, 0.49300520032227196, 0.2319438307065353, 0.07307788630102661, 0.33970784098786233,1
0.13775038520801336, 0.4968138870577895, 0.229194284872588, 0.07708489857250188, 0.3459070738304566,1
0.1419106317411408, 0.5023071852340145, 0.2312564442480483, 0.08009015777610819, 0.3520953942592022,1
0.14607087827426887, 0.49901120632827956, 0.2319438307065353, 0.08429752066115702, 0.35074786069179426,1
0.14607087827426887, 0.5063722258844209, 0.2312564442480483, 0.08835462058602554, 0.3570720221585615,1
0.14607087827426887, 0.5088258990697999, 0.229194284872588, 0.09591785624843457, 0.3591801839372268,1
0.15531587057010882, 0.525269171610635, 0.229194284872588, 0.09977460555972953, 0.3766761412124547,1
0.16456086286594876, 0.5220830586684245, 0.229194284872588, 0.10954169797145004, 0.37729698281577156,1
0.16456086286594876, 0.5231817183036694, 0.229194284872588, 0.11194590533433509, 0.37824703517962127,1
0.16964560862866063, 0.530542737859811, 0.23155103844454264, 0.11645379413974455, 0.38648133418652936,1
0.17812018489984072, 0.5368050977807075, 0.23547896106446725, 0.12577009767092412, 0.3950430024913761,1
0.1747303543913725, 0.5407602724675895, 0.23390779201649728, 0.13418482344102178, 0.39722010846095707,1
0.18489984591679623, 0.5472423643155351, 0.23862129916040653, 0.1459053343350864, 0.40664772826855433,1
0.18489984591679623, 0.5557020435069215, 0.23862129916040653, 0.14941147007262692, 0.41401608192194367,1
0.18489984591679623, 0.5581190947044605, 0.23862129916040653, 0.16111194590533431, 0.41612144690920394,1
0.19414483821263617, 0.5638321248077345, 0.23862129916040653, 0.16649135987978964, 0.4246094568669717,1
0.20338983050847612, 0.5713030103274006, 0.23862129916040653, 0.1699474079639369, 0.43467982453155524,1
0.20338983050847612, 0.5732805976708415, 0.23862129916040653, 0.17325319308790382, 0.4364135261718544,1
0.20338983050847612, 0.574730828389365, 0.2396523788481367, 0.17873779113448535, 0.43768493056650287,1
0.20338983050847612, 0.5761810591078884, 0.24068345853586684, 0.18422238918106687, 0.43895635458546006,1
0.22187981510015534, 0.5800922874093606, 0.24686993666224774, 0.194290007513148, 0.44954659848927087,1
0.20801232665639577, 0.5813008130081301, 0.24686993666224774, 0.1989481592787378, 0.44523328348462965,1
0.2126348228043154, 0.5891012964183695, 0.24686993666224774, 0.20811419984973703, 0.45388492924410423,1
0.2172573189522357, 0.5891012964183695, 0.24686993666224774, 0.21217129977460555, 0.4556888857267581,1
0.22187981510015534, 0.5910788837618106, 0.24686993666224774, 0.2144252441773103, 0.45924027015473706,1
0.22465331278890738, 0.592507141287629, 0.24686993666224774, 0.21768094164788399, 0.46158841668782724,1
0.22742681047765945, 0.5939353988134476, 0.24686993666224774, 0.22093663911845712, 0.4639398540828257,1
0.23852080123266697, 0.6008569545154911, 0.24893209603770805, 0.23441021788129227, 0.47445109498112387,1
0.23852080123266697, 0.6020654801142606, 0.24893209603770805, 0.2416228399699474, 0.4755236168553286,1
0.23852080123266697, 0.5974511096462316, 0.25511857416408895, 0.24237415477084898, 0.47142860844956747,1
0.23852080123266697, 0.6032740057130301, 0.25511857416408895, 0.2464312546957175, 0.47659615269123984,1
0.23852080123266697, 0.6059474108254581, 0.25511857416408895, 0.25900325569747074, 0.47896878156913625,1
0.23852080123266697, 0.6042627993847506, 0.25511857416408895, 0.2631104432757325, 0.47747369239646115,1
0.2570107858243469, 0.6132718083937596, 0.25511857416408895, 0.2628099173553719, 0.4928909491223082,1
0.2554699537750462, 0.6135281623086486, 0.25511857416408895, 0.2668369646882044, 0.49249977977574766,1
0.2539291217257272, 0.6137845162235421, 0.25511857416408895, 0.2708640120210368, 0.4921086559523023,1
0.2570107858243469, 0.6194243023511316, 0.25511857416408895, 0.2844477836213373, 0.4983862756098001,1
0.2570107858243469, 0.6130520764667106, 0.25511857416408895, 0.28625093914350114, 0.4926946942399977,1
0.2570107858243469, 0.6174467150076907, 0.25511857416408895, 0.29166040570999247, 0.49661988069987717,1
0.2570107858243469, 0.6163480553724456, 0.25511857416408895, 0.2943651389932382, 0.495638566555609,1
0.2570107858243469, 0.6217314875851461, 0.25511857416408895, 0.2984222389181067, 0.5004471175294098,1
0.2671802773497706, 0.6174467150076907, 0.25511857416408895, 0.3060856498873028, 0.5007319740996532,1
0.27226502311248246, 0.6228301472203911, 0.25511857416408895, 0.30578512396694213, 0.507626209888427,1
0.27734976887519436, 0.6318391562294, 0.25511857416408895, 0.31044327573253194, 0.5178017017142151,1
0.27734976887519436, 0.6308503625576797, 0.2633672116659302, 0.3247182569496619, 0.5169122722411836,1
0.27734976887519436, 0.6308503625576797, 0.25786811999803627, 0.3253193087903832, 0.5169122722411836,1
0.27734976887519436, 0.6252471984179301, 0.2607158638974812, 0.3233658903080391, 0.51187235320547,1
0.27734976887519436, 0.6329378158646451, 0.2633672116659302, 0.3287753568745304, 0.5187899679426244,1
0.27734976887519436, 0.6372225884421007, 0.25924289291500957, 0.3335837716003005, 0.5226443194728968,1
0.27734976887519436, 0.6378817842232477, 0.2606176658319829, 0.337540696218382, 0.5232373126312262,1
0.27734976887519436, 0.6308503625576797, 0.2633672116659302, 0.3391435011269722, 0.5169122722411836,1
0.27734976887519436, 0.6336336336336321, 0.25983208130799823, 0.33513648885549696, 0.5194158760169362,1
0.27734976887519436, 0.6362337947703801, 0.2607158638974812, 0.33373403456048084, 0.5217548377354592,1
0.2865947611710343, 0.6372225884421007, 0.25806451612903225, 0.3382419233658903, 0.5264604943222966,1
0.2865947611710343, 0.6372225884421007, 0.2633672116659302, 0.3418482344102179, 0.5264604943222966,1
0.29583975346687424, 0.6372225884421007, 0.25806451612903225, 0.3571750563486101, 0.5302871583346681,1
0.29583975346687424, 0.6406650552992001, 0.2633672116659302, 0.36078136739293765, 0.5334033973447986,1
0.29583975346687424, 0.638211382113821, 0.25806451612903225, 0.3625845229151014, 0.5311822362020696,1
0.3020030816640945, 0.6378817842232477, 0.2633672116659302, 0.3637866265965439, 0.5334420708919109,1
0.29583975346687424, 0.6394199077125907, 0.25806451612903225, 0.36468820435762583, 0.5322762334632765,1
0.3097072419106338, 0.6472203911228301, 0.25806451612903225, 0.3779113448534936, 0.5451401317928198,1
0.29583975346687424, 0.6460118655240606, 0.25806451612903225, 0.383320811419985, 0.5382437468842944,1
0.31432973805855347, 0.6494177103933202, 0.25806451612903225, 0.3870773854244929, 0.5490813215154207,1
0.3050847457627135, 0.6494177103933202, 0.25806451612903225, 0.39293764087152516, 0.5451989085713469,1
0.31432973805855347, 0.6468175492565721, 0.25983208130799823, 0.39744552967693464, 0.5467125532587692,1
0.31432973805855347, 0.6528235552625797, 0.25806451612903225, 0.3960931630353118, 0.5521841772854961,1
0.31432973805855347, 0.6517248956273346, 0.2607158638974812, 0.3981968444778362, 0.5511832433075067,1
0.31432973805855347, 0.6591957811470007, 0.25806451612903225, 0.40150262960180316, 0.5579898340502065,1
0.31432973805855347, 0.6582069874752802, 0.25806451612903225, 0.4145755071374906, 0.5570889294741086,1
0.31432973805855347, 0.6611733684904416, 0.25806451612903225, 0.41712997746055597, 0.5597916727409525,1
0.31432973805855347, 0.6613931004174908, 0.25806451612903225, 0.4163786626596544, 0.5599918794711233,1
0.31848998459168154, 0.6644693473961766, 0.25806451612903225, 0.41968444778362135, 0.5645647021855772,1
0.31432973805855347, 0.6612832344539662, 0.2602739726027397, 0.41968444778362135, 0.5598917760452587,1
0.31432973805855347, 0.6633706877609317, 0.25497127706584183, 0.4246431254695717, 0.5617937619239615,1
0.31432973805855347, 0.6611733684904416, 0.2527618205921343, 0.429701978462311, 0.5597916727409525,1
0.3226502311248096, 0.6657877389584707, 0.2554131683605833, 0.43471074380165287, 0.5675414428806006,1
0.3309707241910651, 0.6657877389584707, 0.2527618205921343, 0.4386175807663411, 0.5710955292358462,1
0.3309707241910651, 0.6626016260162603, 0.25806451612903225, 0.4393688955672427, 0.568176050521236,1
0.3309707241910651, 0.6657144949827861, 0.25983208130799823, 0.44032056098171607, 0.571028413621542,1
0.3309707241910651, 0.6633706877609317, 0.25806451612903225, 0.439519158527423, 0.5688807428137299,1
0.3309707241910651, 0.6679850582289607, 0.25806451612903225, 0.4413223140495868, 0.5731090230731606,1
0.3309707241910651, 0.6656778729949461, 0.2527618205921343, 0.44763335837716, 0.570994855834881,1
0.3309707241910651, 0.6699626455724016, 0.25629695095006627, 0.44352617079890005, 0.5749212095742484,1
0.3309707241910651, 0.6701091335237662, 0.25983208130799823, 0.44873528675181373, 0.5750554471960386,1
0.3309707241910651, 0.6687907419614721, 0.25983208130799823, 0.453343350864012, 0.5738473164686763,1
0.3309707241910651, 0.6733318684538211, 0.2557077625570776, 0.4597545704983741, 0.5780087301767676,1
0.3309707241910651, 0.6701823774994508, 0.2615996464869642, 0.4599549211119459, 0.5751225660889021,1
0.33559322033898537, 0.6700725115359262, 0.25939019001325675, 0.45830202854996244, 0.5770063141458861,1
0.33713405238828537, 0.6730388925510877, 0.2586537045220209, 0.46376158276984525, 0.5803924232386029,1
0.34483821263482467, 0.677763128982641, 0.2615996464869642, 0.4721262208865515, 0.5880642358618224,1
0.340215716486905, 0.6811689738519006, 0.25497127706584183, 0.4755822689706987, 0.5891944329324647,1
0.349460708782745, 0.6791913865084598, 0.2615996464869642, 0.47257700976709244, 0.5913850553392341,1
0.349460708782745, 0.6818281696330476, 0.2586537045220209, 0.47578261958427054, 0.5938167685640385,1
0.349460708782745, 0.6867721379916503, 0.25762262483429077, 0.4880540946656649, 0.5983764241735688,1
0.349460708782745, 0.677763128982641, 0.25497127706584183, 0.48444778362133734, 0.590067907287355,1
0.349460708782745, 0.6850509045630983, 0.2586537045220209, 0.4803906836964688, 0.5967889599046856,1
0.349460708782745, 0.6813887057789497, 0.2615996464869642, 0.48670172802404205, 0.5934114780460323,1
0.349460708782745, 0.6831465611953417, 0.2527618205921343, 0.484297520661157, 0.5950326520716199,1
0.349460708782745, 0.6823774994506702, 0.25983208130799823, 0.490007513148009, 0.5943233845131518,1
0.349460708782745, 0.6912766424961547, 0.2571807335395493, 0.49586776859504134, 0.6025309966009924,1
0.349460708782745, 0.69116677653263, 0.25939019001325675, 0.4976709241172051, 0.6024296630755319,1
0.3596302003081687, 0.6922654361678753, 0.2615996464869642, 0.5050338091660406, 0.6079067988750579,1
0.36979969183359246, 0.6879806635904196, 0.2615996464869642, 0.5104432757325319, 0.6084048494127297,1
0.36979969183359246, 0.6879806635904196, 0.263219914567683, 0.5098422238918107, 0.6084048494127297,1
0.36979969183359246, 0.6890793232256646, 0.2674915304168508, 0.5115251690458302, 0.6094251420984106,1
0.3562403697997005, 0.6935472057423291, 0.27632935631168065, 0.519258702729779, 0.6076023314566489,1
0.36979969183359246, 0.6953416831465613, 0.27632935631168065, 0.5296769346356123, 0.6152410514833471,1
0.36979969183359246, 0.6932542298395958, 0.2741198998379732, 0.529977460555973, 0.613302369443688,1
0.36979969183359246, 0.6935472057423291, 0.2674915304168508, 0.5258702729777129, 0.6135744624189317,1
0.36979969183359246, 0.69116677653263, 0.2674915304168508, 0.5268219383921863, 0.6113637329825775,1
0.36979969183359246, 0.6943528894748408, 0.2674915304168508, 0.5337340345604809, 0.6143227227302921,1
0.36979969183359246, 0.6963304768182819, 0.2674915304168508, 0.540495867768595, 0.6161593904635307,1
0.36979969183359246, 0.6950120852559878, 0.2674915304168508, 0.5422990232907589, 0.614934940762656,1
0.3744221879815121, 0.7011645792133598, 0.2674915304168508, 0.5422990232907589, 0.6227016915831501,1
0.36979969183359246, 0.6987475280158209, 0.2674915304168508, 0.547107438016529, 0.6184042621377607,1
0.3821263482280514, 0.7083424888302923, 0.2674915304168508, 0.5487102429251209, 0.632823714883935,1
0.383667180277352, 0.7087453306965503, 0.2674915304168508, 0.5513148009015778, 0.6338895014780748,1
0.38828967642527235, 0.7075368050977806, 0.2674915304168508, 0.5561232156273479, 0.6348318900721096,1
0.3790446841294324, 0.7044605581190946, 0.2674915304168508, 0.5537190082644629, 0.6278279447199784,1
0.38828967642527235, 0.712883615322641, 0.2674915304168508, 0.5571249686952185, 0.6398296400766037,1
0.38828967642527235, 0.7153372885080203, 0.2674915304168508, 0.5628850488354621, 0.6421232294775839,1
0.38828967642527235, 0.7183036695231818, 0.2674915304168508, 0.5657400450788881, 0.6448961615366726,1
0.38828967642527235, 0.7163260821797408, 0.2674915304168508, 0.5703981968444778, 0.6430475298050687,1
0.38828967642527235, 0.7173148758514614, 0.2674915304168508, 0.5752066115702479, 0.6439718404913721,1
0.38828967642527235, 0.7110525159305646, 0.2736780085432317, 0.5753568745304283, 0.6381180477561561,1
0.3944530046224926, 0.7185966454259152, 0.2698482839888054, 0.5759579263711495, 0.6479562846225287,1
0.38828967642527235, 0.7199150369882092, 0.2698482839888054, 0.5809666917104914, 0.6464024846956494,1
0.38828967642527235, 0.7175346077785101, 0.2648401826484018, 0.5840721262208866, 0.644177244272878,1
0.38828967642527235, 0.7154471544715446, 0.2736780085432317, 0.5825694966190834, 0.6422259290024297,1
0.38828967642527235, 0.7041309602285211, 0.2741198998379732, 0.5760781367392938, 0.6316485496784424,1
0.392912172573192, 0.7173148758514614, 0.27794962439239945, 0.5645379413974455, 0.6460591785834412,1
0.38828967642527235, 0.7132498352010548, 0.27956989247311825, 0.5631855747558226, 0.6401719628032967,1
0.392912172573192, 0.7162162162162161, 0.27956989247311825, 0.5675432006010518, 0.6450305632676856,1
0.392912172573192, 0.7195121951219512, 0.27338341434673735, 0.5722013523666416, 0.6481164477012924,1
0.3944530046224926, 0.7158133743499584, 0.27338341434673735, 0.5751565239168565, 0.6453490903263107,1
0.4006163328197313, 0.7142020068849351, 0.27632935631168065, 0.5797645880290488, 0.6466224618064726,1
0.39753466872111165, 0.7162162162162161, 0.28222124024156725, 0.5840721262208866, 0.6471191526363911,1
0.3944530046224926, 0.7183036695231818, 0.28222124024156725, 0.5809666917104914, 0.6476818392365079,1
0.4021571648690319, 0.7183036695231818, 0.28222124024156725, 0.58572501878287, 0.6511710891554424,1
0.40677966101695157, 0.7199150369882092, 0.28320322089654854, 0.5875782619584253, 0.6547842139428036,1
0.40677966101695157, 0.7219292463194902, 0.29253203711886877, 0.5875281743050338, 0.6566789455738147,1
0.40677966101695157, 0.7207207207207208, 0.29253203711886877, 0.5923365890308039, 0.6555421013721844,1
0.40677966101695157, 0.7215264044532321, 0.2969509500662837, 0.5949912346606581, 0.6562999957655821,1
0.41093990755007964, 0.7207207207207208, 0.29179555162763293, 0.5962434259954921, 0.6574353825067022,1
0.4151001540832077, 0.7219292463194902, 0.28811312417145385, 0.5984973703981968, 0.6604710348188816,1
0.4234206471494632, 0.7231377719182598, 0.28811312417145385, 0.6018031555221638, 0.6654157261489907,1
0.4234206471494632, 0.7231377719182598, 0.28811312417145385, 0.602404207362885, 0.6654157261489907,1
0.4234206471494632, 0.7231377719182598, 0.29474149359257623, 0.6037565740045079, 0.6654157261489907,1
0.4234206471494632, 0.7199150369882092, 0.2900770854814158, 0.6030052592036063, 0.662367068183451,1
0.4234206471494632, 0.7219292463194902, 0.28590366769774633, 0.6040570999248686, 0.6642724662073515,1
0.4234206471494632, 0.7219292463194902, 0.2836942112240389, 0.6021036814425245, 0.6642724662073515,1
0.4234206471494632, 0.7207207207207208, 0.27780232729415233, 0.6049586776859505, 0.6631292221112598,1
0.4234206471494632, 0.7215264044532321, 0.27338341434673735, 0.6014024542950143, 0.6638913830813862,1
0.4234206471494632, 0.7207207207207208, 0.27338341434673735, 0.6064613072877536, 0.6631292221112598,1
0.4234206471494632, 0.7244561634805535, 0.27338341434673735, 0.609817180065112, 0.6666629368847711,1
0.4234206471494632, 0.7207207207207208, 0.27338341434673735, 0.6115702479338843, 0.6631292221112598,1
0.4234206471494632, 0.7207207207207208, 0.2800117837678598, 0.6133734034560481, 0.6631292221112598,1
0.42958397534668347, 0.7215264044532321, 0.28222124024156725, 0.6180315552216379, 0.6667125001711953,1
0.4234206471494632, 0.7229180399912107, 0.28222124024156725, 0.6130728775356874, 0.6652078595264461,1
0.43728813559322277, 0.7248956273346518, 0.28222124024156725, 0.6147257700976709, 0.6734483631575057,1
0.42958397534668347, 0.7244561634805535, 0.28222124024156725, 0.6160280490859023, 0.6694898202123681,1
0.4419106317411431, 0.7275324104592396, 0.28222124024156725, 0.6150262960180316, 0.6780874884182663,1
0.4419106317411431, 0.7297297297297298, 0.28222124024156725, 0.6165289256198347, 0.6801792880521542,1
0.4419106317411431, 0.7263238848604703, 0.28222124024156725, 0.6202854996243427, 0.6769370212287129,1
0.4419106317411431, 0.7270929466051417, 0.27927529827662395, 0.625244177310293, 0.6776691348565383,1
0.4419106317411431, 0.7261041529334211, 0.2800117837678598, 0.6229902329075883, 0.6767278470998919,1
0.4419106317411431, 0.72412656558998, 0.28222124024156725, 0.6169797145003757, 0.6748453038083536,1
0.4419106317411431, 0.7273859225078753, 0.27632935631168065, 0.6180315552216379, 0.6779480369952846,1
0.4419106317411431, 0.7275324104592396, 0.27780232729415233, 0.6189331329827198, 0.6780874884182663,1
0.446995377503855, 0.7263238848604703, 0.27338341434673735, 0.6184823441021788, 0.6792846528278481,1
0.4419106317411431, 0.7261041529334211, 0.27338341434673735, 0.6232907588279489, 0.6767278470998919,1
0.4419106317411431, 0.7303156815351923, 0.27338341434673735, 0.6254445279238648, 0.680737110246242,1
0.4419106317411431, 0.7307185234014503, 0.27338341434673735, 0.6282494365138993, 0.6811206151927429,1
0.4419106317411431, 0.7319270490002197, 0.2816320518485786, 0.6274480340596063, 0.6822711407295984,1
0.4419106317411431, 0.7307185234014503, 0.27956989247311825, 0.6258452291510143, 0.6811206151927429,1
0.4419106317411431, 0.734856808027541, 0.2816320518485786, 0.6282494365138993, 0.6850603601485479,1
0.446995377503855, 0.7381894089211161, 0.27647665340992783, 0.6327573253193088, 0.6906002184448277,1
0.4419106317411431, 0.7362118215776753, 0.27338341434673735, 0.6311044327573253, 0.6863504060247908,1
0.446995377503855, 0.7392880685563613, 0.27338341434673735, 0.6357625845229151, 0.6916480345153249,1
0.4486902927580986, 0.7363216875411998, 0.27338341434673735, 0.6390683696468821, 0.689607736597389,1
0.4520801232665668, 0.7307185234014503, 0.27338341434673735, 0.6296018031555222, 0.6858337685155713,1
0.4419106317411431, 0.734856808027541, 0.27338341434673735, 0.6264462809917355, 0.6850603601485479,1
0.4571648690292787, 0.7392880685563613, 0.27338341434673735, 0.6287002253944403, 0.6963963236821443,1
0.46224961479199056, 0.7402768622280819, 0.27338341434673735, 0.6306536438767844, 0.6997237266281123,1
0.46224961479199056, 0.7404965941551307, 0.27338341434673735, 0.6320060105184072, 0.6999343737239699,1
0.46224961479199056, 0.7392880685563613, 0.2755928708204448, 0.6369646882043576, 0.6987758213522939,1
0.46224961479199056, 0.7512634585805319, 0.26896450139932243, 0.6267468069120962, 0.7102567402977931,1
0.46224961479199056, 0.7492126272614064, 0.27338341434673735, 0.6296518908089136, 0.7082904756673338,1
0.46224961479199056, 0.7340145023071851, 0.27338341434673735, 0.6208865514650639, 0.6937205104758486,1
0.4668721109399102, 0.7372006152493958, 0.27338341434673735, 0.6204357625845229, 0.6989378876257416,1
0.46224961479199056, 0.7421812055958381, 0.27338341434673735, 0.6124217380415747, 0.7015493526601254,1
0.46224961479199056, 0.7493957372006153, 0.2800117837678598, 0.6145755071374907, 0.7084660331042268,1
0.46224961479199056, 0.7448179887204263, 0.28222124024156725, 0.6108189331329827, 0.7040772092432273,1
0.4684129429892108, 0.7626895187870798, 0.28222124024156725, 0.611419984973704, 0.7241481633444712,1
0.47149460708783053, 0.7536805097780709, 0.28222124024156725, 0.5927873779113448, 0.7169527380483729,1
0.4745762711864495, 0.7490661393100417, 0.27927529827662395, 0.5927873779113448, 0.7139723537658869,1
0.4761171032357501, 0.7404965941551307, 0.28222124024156725, 0.5786626596543952, 0.7064475197027832,1
0.4761171032357501, 0.7490661393100417, 0.28222124024156725, 0.5845229151014275, 0.7147016349726335,1
0.48073959938367045, 0.7495056031641396, 0.27780232729415233, 0.5804658151765589, 0.7173154389229672,1
0.4745762711864495, 0.7771918259723137, 0.27338341434673735, 0.5732531930879038, 0.741054529946371,1
0.4668721109399102, 0.7780707536805099, 0.27956989247311825, 0.591435011269722, 0.7381871750983612,1
0.48073959938367045, 0.7791694133157548, 0.27264692885550157, 0.605259203606311, 0.7459384201381101,1
0.4745762711864495, 0.7802680729509998, 0.27632935631168065, 0.6070122714750833, 0.7440171822704064,1
0.4761171032357501, 0.7802680729509998, 0.27191044336426573, 0.6102178812922615, 0.7447620584625064,1
0.46224961479199056, 0.7802680729509998, 0.2674915304168508, 0.611419984973704, 0.7380703586368154,1
0.4668721109399102, 0.7791694133157548, 0.2674915304168508, 0.6082644628099173, 0.7392425211899663,1
0.46224961479199056, 0.7779608877169851, 0.27146855206952425, 0.6072126220886551, 0.735857568482469,1
0.46224961479199056, 0.7780707536805099, 0.2736780085432317, 0.5939894815927874, 0.7359629380967382,1
0.46224961479199056, 0.775726946458655, 0.2727942259537487, 0.5975957926371149, 0.7337150821731181,1
0.46224961479199056, 0.7758734344100197, 0.27146855206952425, 0.5941397445529677, 0.7338555713744642,1
0.46224961479199056, 0.7758734344100197, 0.275740167918692, 0.5903831705484598, 0.7338555713744642,1
0.46224961479199056, 0.7768622280817402, 0.2736780085432317, 0.5912847483095417, 0.7348038797396653,1
0.46224961479199056, 0.7768622280817402, 0.2736780085432317, 0.5882794891059354, 0.7348038797396653,1
0.46224961479199056, 0.7734563832124807, 0.2674915304168508, 0.5927873779113448, 0.7315375301370673,1
0.46224961479199056, 0.7710393320149417, 0.2674915304168508, 0.5947407963936889, 0.7292195540139766,1
0.46224961479199056, 0.7710393320149417, 0.2674915304168508, 0.5939894815927874, 0.7292195540139766,1
0.46224961479199056, 0.7690617446715007, 0.2674915304168508, 0.5878287002253945, 0.7273230765252973,1
0.4520801232665668, 0.7668644254010107, 0.2674915304168508, 0.585274229902329, 0.7203700590100343,1
0.46224961479199056, 0.7670841573280599, 0.2674915304168508, 0.5813673929376408, 0.7254266426221898,1
0.46224961479199056, 0.7670841573280599, 0.2674915304168508, 0.5753568745304283, 0.7254266426221898,1
0.4486902927580986, 0.7609316633706878, 0.27632935631168065, 0.5739544202354139, 0.7130949136405945,1
0.4419106317411431, 0.7612612612612614, 0.27794962439239945, 0.5705484598046582, 0.7102024558059681,1
0.446995377503855, 0.7592836739178203, 0.2755928708204448, 0.5725018782870023, 0.7107206125016964,1
0.4520801232665668, 0.7602724675895408, 0.2836942112240389, 0.5702479338842975, 0.7140705694581735,1
0.4419106317411431, 0.7560975609756099, 0.2844306967152747, 0.56664162283997, 0.7052850216334121,1
0.4419106317411431, 0.7539002417051197, 0.28811312417145385, 0.5573253193087904, 0.7031925853436474,1
0.4571648690292787, 0.7549989013403646, 0.29253203711886877, 0.5615326821938392, 0.7114329928295388,1
0.4571648690292787, 0.7537903757415952, 0.2940050081013404, 0.555672426746807, 0.710276228674125,1
0.46224961479199056, 0.7539002417051197, 0.2940050081013404, 0.556924618081641, 0.7127848636775095,1
0.46224961479199056, 0.7514831905075807, 0.3028428339961703, 0.5516153268219384, 0.7104674142874557,1
0.4419106317411431, 0.7451109646231598, 0.3028428339961703, 0.5492111194590533, 0.6948233708219741,1
0.4486902927580986, 0.7448179887204263, 0.3008788726862083, 0.547908840470822, 0.6977156491614154,1
0.46224961479199056, 0.7451109646231598, 0.3028428339961703, 0.5426997245179083, 0.7043580869778727,1
0.46224961479199056, 0.7451109646231598, 0.30063337752246283, 0.5416979714500376, 0.7043580869778727,1
0.46224961479199056, 0.7418882296931092, 0.2940050081013404, 0.5408965689957445, 0.7012684844873255,1
0.46224961479199056, 0.7402768622280819, 0.29253203711886877, 0.5430503380916604, 0.6997237266281123,1
0.46224961479199056, 0.7402768622280819, 0.2969509500662837, 0.540495867768595, 0.6997237266281123,1
0.46224961479199056, 0.7402768622280819, 0.28811312417145385, 0.5374906085649888, 0.6997237266281123,1
0.46224961479199056, 0.7389584706657878, 0.28320322089654854, 0.5406962183821669, 0.6984598553471941,1
0.46224961479199056, 0.7363216875411998, 0.28664015318898217, 0.5367392937640871, 0.6959321708685253,1
0.46224961479199056, 0.7363216875411998, 0.28222124024156725, 0.5277235161532682, 0.6959321708685253,1
0.46224961479199056, 0.7363216875411998, 0.2800117837678598, 0.5221637866265966, 0.6959321708685253,1
0.46224961479199056, 0.734856808027541, 0.27338341434673735, 0.5232657150012502, 0.6945279351762127,1
0.46224961479199056, 0.7330257086354646, 0.27338341434673735, 0.5208114199849737, 0.692772674171548,1
0.46224961479199056, 0.7319270490002197, 0.27338341434673735, 0.5178562484347589, 0.6917195354940151,1
0.46224961479199056, 0.7307185234014503, 0.27647665340992783, 0.5137490608564989, 0.6905610984761142,1
0.46224961479199056, 0.7283014722039113, 0.27956989247311825, 0.5074380165289256, 0.6882442732393357,1
0.46224961479199056, 0.7283014722039113, 0.27956989247311825, 0.5060856498873028, 0.6882442732393357,1
0.46224961479199056, 0.7270929466051417, 0.27750773309765797, 0.5064362634610549, 0.6870858850197694,1
0.46224961479199056, 0.7270929466051417, 0.27500368242745615, 0.5107438016528926, 0.6870858850197694,1
0.46224961479199056, 0.7270929466051417, 0.27632935631168065, 0.5104432757325319, 0.6870858850197694,1
0.46224961479199056, 0.7251153592617006, 0.27632935631168065, 0.5056348610067618, 0.6851903757452518,1
0.46224961479199056, 0.72412656558998, 0.0182648401826484, 0.5008264462809917, 0.6842426374401647,1
0.39753466872111165, 0.7075368050977806, 0.2154956547356017, 0.42569496619083397, 0.6389808540998918,1
0.40677966101695157, 0.7031421665568006, 0.2674915304168508, 0.41788129226145754, 0.6390079570541312,1
0.3944530046224926, 0.7051197539002416, 0.2674915304168508, 0.4094665664913599, 0.6353327419835406,1
0.39753466872111165, 0.7099538562953196, 0.2674915304168508, 0.416679188580015, 0.6412471350396625,1
0.40677966101695157, 0.7075368050977806, 0.2674915304168508, 0.4156273478587528, 0.6431411823973869,1
0.40677966101695157, 0.7075368050977806, 0.2674915304168508, 0.41427498121712997, 0.6431411823973869,1
0.40677966101695157, 0.7099538562953196, 0.2674915304168508, 0.4213373403456048, 0.645414544631645,1
0.40677966101695157, 0.7099538562953196, 0.2674915304168508, 0.4208865514650639, 0.645414544631645,1
0.40677966101695157, 0.7099538562953196, 0.2674915304168508, 0.4234911094415207, 0.645414544631645,1
0.40677966101695157, 0.7099538562953196, 0.2674915304168508, 0.419534184823441, 0.645414544631645,1
0.40677966101695157, 0.7099538562953196, 0.27191044336426573, 0.42103681442524415, 0.645414544631645,1
0.40677966101695157, 0.7099538562953196, 0.27632935631168065, 0.42268970698722763, 0.645414544631645,1
0.4151001540832077, 0.7110525159305646, 0.27632935631168065, 0.42704733283245677, 0.6502112407881729,1
0.4192604006163351, 0.7131399692375301, 0.27632935631168065, 0.42669671925870467, 0.6540680974381967,1
0.4151001540832077, 0.7121511755658099, 0.27632935631168065, 0.4264162283996995, 0.6512475256762891,1
0.4234206471494632, 0.712883615322641, 0.27534737565669937, 0.42709742048584826, 0.6557158419007866,1
0.4151001540832077, 0.7110525159305646, 0.27956989247311825, 0.4290007513148009, 0.6502112407881729,1
0.4178736517719598, 0.712883615322641, 0.2816320518485786, 0.4282995241672908, 0.6531965079745423,1
0.4234206471494632, 0.7143484948362997, 0.27956989247311825, 0.42479338842975206, 0.657101469814062,1
0.4234206471494632, 0.7143484948362997, 0.2816320518485786, 0.428099173553719, 0.657101469814062,1
0.4234206471494632, 0.7132498352010548, 0.27338341434673735, 0.4279489105935387, 0.6560622466968402,1
0.4234206471494632, 0.7132498352010548, 0.27647665340992783, 0.43140495867768597, 0.6560622466968402,1
0.4234206471494632, 0.7121511755658099, 0.27956989247311825, 0.4320060105184072, 0.6550230366731555,1
0.4234206471494632, 0.7121511755658099, 0.27956989247311825, 0.4308039068369647, 0.6550230366731555,1
0.4234206471494632, 0.7114187358089783, 0.2784897137526393, 0.429701978462311, 0.6543302372647669,1
0.4326656394453031, 0.7132498352010548, 0.27956989247311825, 0.4317054845980466, 0.660271408041456,1
0.4234206471494632, 0.7165458141067895, 0.26601855943437913, 0.43050338091660406, 0.6591799553301195,1
0.4234206471494632, 0.72412656558998, 0.27043747238179405, 0.4414725770097671, 0.6663511324328732,1
0.4234206471494632, 0.7163260821797408, 0.27043747238179405, 0.43921863260706234, 0.6589721044215772,1
0.43728813559322277, 0.7219292463194902, 0.27485638532920903, 0.4428249436513899, 0.670628999789048,1
0.4419106317411431, 0.7307185234014503, 0.27647665340992783, 0.45154019534184825, 0.6811206151927429,1
0.4419106317411431, 0.7363216875411998, 0.27338341434673735, 0.4561482594540465, 0.686455005223232,1
0.4419106317411431, 0.7382992748846408, 0.2800117837678598, 0.459053343350864, 0.6883378134741441,1
0.4419106317411431, 0.7434995971581322, 0.28516718220651055, 0.46396193338342295, 0.6932891069147055,1
0.4419106317411431, 0.7451109646231598, 0.2844306967152747, 0.4658151765589782, 0.6948233708219741,1
0.4419106317411431, 0.7460997582948801, 0.28516718220651055, 0.4721262208865515, 0.6957648650734457,1
0.446995377503855, 0.7525818501428256, 0.28516718220651055, 0.47483095416979715, 0.704327663802507,1
0.4571648690292787, 0.7560975609756099, 0.27927529827662395, 0.4839969947407964, 0.7124846106805739,1
0.4554699537750351, 0.7568300007324411, 0.28222124024156725, 0.48600050087653196, 0.7123837388331993,1
0.46224961479199056, 0.7602724675895408, 0.28811312417145385, 0.4888054094665665, 0.7188948149975016,1
0.46224961479199056, 0.7602724675895408, 0.28811312417145385, 0.49135987978963186, 0.7188948149975016,1
0.46224961479199056, 0.7612612612612614, 0.28811312417145385, 0.4945154019534185, 0.7198429514432986,1
0.46224961479199056, 0.7602724675895408, 0.28811312417145385, 0.49722013523666414, 0.7188948149975016,1
0.46224961479199056, 0.7622500549329819, 0.28811312417145385, 0.49842223891810666, 0.7207910987840112,1
0.46224961479199056, 0.7670841573280599, 0.28222124024156725, 0.49842223891810666, 0.7254266426221898,1
0.4668721109399102, 0.7670841573280599, 0.2814847547503314, 0.5026296018031555, 0.7276344564332362,1
0.46224961479199056, 0.7697209404526477, 0.2871311435164725, 0.5094415226646613, 0.7279552308452734,1
0.46224961479199056, 0.7690617446715007, 0.28516718220651055, 0.5087903831705485, 0.7273230765252973,1
0.4668721109399102, 0.7712590639419908, 0.28222124024156725, 0.5098422238918107, 0.7316443305566471,1
0.48073959938367045, 0.7710393320149417, 0.28811312417145385, 0.5167543200601051, 0.7380926153688281,1
0.4745762711864495, 0.7710393320149417, 0.28516718220651055, 0.5158527422990233, 0.7351295443642735,1
0.48073959938367045, 0.7734563832124807, 0.27927529827662395, 0.5190082644628099, 0.7404250740066695,1
0.4869029275808907, 0.8135208379110834, 0.2743653950017187, 0.6280490859003275, 0.782150616739957,1
0.4853620955315901, 0.7921335970116459, 0.2807482692590956, 0.6076634109691961, 0.760708399830039,1
0.4930662557781294, 0.7871530066652033, 0.28222124024156725, 0.5589281242173824, 0.7596505975073011,1
0.48998459167950975, 0.7920237310481212, 0.27927529827662395, 0.5583771600300526, 0.7628626649019242,1
0.4869029275808907, 0.7887643741302263, 0.28320322089654854, 0.5603305785123966, 0.7582028489835532,1
0.49922958397534967, 0.7942210503186113, 0.2814847547503314, 0.5655897821187077, 0.7695270585624503,1
0.4930662557781294, 0.7947703801362337, 0.28811312417145385, 0.5665414475331811, 0.7670335677958978,1
0.49922958397534967, 0.8032300593276204, 0.27927529827662395, 0.5750563486100676, 0.7782777755209453,1
0.49922958397534967, 0.8032300593276204, 0.28811312417145385, 0.5833208114199849, 0.7782777755209453,1
0.49922958397534967, 0.8022412656558998, 0.2785388127853881, 0.5932381667918858, 0.7773172856516231,1
0.49922958397534967, 0.8061964403427819, 0.27829331762164267, 0.5923866766841954, 0.7811593121899517,1
0.5075500770416058, 0.8127883981542519, 0.28222124024156725, 0.6045078888054095, 0.7917074253935102,1
0.49922958397534967, 0.8136673258624477, 0.27927529827662395, 0.6106185825194109, 0.7884169613763097,1
0.49922958397534967, 0.8174027686222808, 0.27338341434673735, 0.6180315552216379, 0.7920460252726829,1
0.5047765793528538, 0.8198198198198198, 0.27338341434673735, 0.6174305033809167, 0.7971688586030475,1
0.5075500770416058, 0.8231157987255548, 0.27956989247311825, 0.625244177310293, 0.8017691497077538,1
0.5117103235747332, 0.8271808393759614, 0.27338341434673735, 0.6320060105184072, 0.8078255886238194,1
0.5103235747303578, 0.828169633047682, 0.27338341434673735, 0.6348610067618332, 0.8080911243361668,1
0.5158705701078613, 0.830586684245221, 0.27338341434673735, 0.6360631104432757, 0.8132517627414594,1
0.5158705701078613, 0.8317952098439902, 0.27338341434673735, 0.6396694214876033, 0.8144326853587027,1
0.5158705701078613, 0.8317952098439902, 0.27338341434673735, 0.6435762584522915, 0.8144326853587027,1
0.5158705701078613, 0.8393759613271807, 0.27956989247311825, 0.6513899323816679, 0.8218406761831761,1
0.5204930662557816, 0.8393759613271807, 0.2773604359994108, 0.6522915101427498, 0.8241935957149541,1
0.5158705701078613, 0.8401816450596924, 0.27534737565669937, 0.6556974705735056, 0.8226280379562633,1
0.5251155624037013, 0.84399033179521, 0.27500368242745615, 0.6613072877535687, 0.8310733154765445,1
0.5251155624037013, 0.8417930125247197, 0.27485638532920903, 0.6658151765589783, 0.8289191942187829,1
0.5251155624037013, 0.8471764447374204, 0.27632935631168065, 0.6775356874530428, 0.8341968911260775,1
0.5251155624037013, 0.852559876950121, 0.2741198998379732, 0.6781367392937641, 0.8394749253928279,1
0.5297380585516209, 0.856734783564052, 0.2674915304168508, 0.6925619834710743, 0.8459541627064826,1
0.5343605546995412, 0.8589321028345418, 0.2692590955958168, 0.7010969196093163, 0.8505044696641801,1
0.5343605546995412, 0.8605434702995695, 0.27338341434673735, 0.7015777610818933, 0.8520893975916708,1
0.5343605546995412, 0.8648648648648647, 0.26970098689055827, 0.7021788129226145, 0.8563400363090252,1
0.5343605546995412, 0.869479235332894, 0.2674915304168508, 0.709191084397698, 0.8608790954773808,1
0.5343605546995412, 0.869479235332894, 0.2674915304168508, 0.713999499123468, 0.8608790954773808,1
0.5343605546995412, 0.8713469567128103, 0.26837531300633377, 0.7167543200601052, 0.8627164046416893,1
0.5343605546995412, 0.8723357503845308, 0.2670496391221093, 0.7235161532682194, 0.863689114277271,1
0.5343605546995412, 0.872116018457482, 0.2648401826484018, 0.7286250939143502, 0.863472955590374,1
0.5343605546995412, 0.8753387533875323, 0.26690234202386215, 0.7316303531179564, 0.8666433397025726,1
0.5343605546995412, 0.874533069655021, 0.2648401826484018, 0.7355371900826446, 0.8658507322643507,1
0.5343605546995412, 0.87695012085256, 0.2648401826484018, 0.7432006010518407, 0.8682285774000192,1
0.5343605546995412, 0.8795869039771478, 0.26690234202386215, 0.750663661407465, 0.8708226683590439,1
0.5343605546995412, 0.8828096389071984, 0.2710266607747827, 0.7526671675432006, 0.8739933346311674,1
0.5343605546995412, 0.8845308723357505, 0.26866990720282813, 0.7510142749812171, 0.8756868085308468,1
0.27734976887519436, 0.12546693034497916, 0.0, 0.013373403456048084, 0.06356779684114738,0
0.29583975346687424, 0.12546693034497916, 0.0, 0.01517655897821187, 0.06833540071153121,0
0.29583975346687424, 0.12107229180399909, 0.0, 0.016378662659654396, 0.06437965953304448,0
0.2896764252696533, 0.1225371713176576, 0.0, 0.014375156523917071, 0.06411159319823417,0
0.2896764252696533, 0.12107229180399909, 0.0, 0.014976208364638333, 0.06279576689793398,0
0.2896764252696533, 0.12107229180399909, 0.0, 0.014575507137490609, 0.06279576689793398,0
0.29583975346687424, 0.12107229180399909, 0.0, 0.01217129977460556, 0.06437965953304448,0
0.29583975346687424, 0.1186552406064601, 0.0, 0.013673929376408715, 0.06220408303877803,0
0.29583975346687424, 0.12107229180399909, 0.0, 0.013373403456048084, 0.06437965953304448,0
0.29583975346687424, 0.12107229180399909, 0.0, 0.014575507137490609, 0.06437965953304448,0
0.29583975346687424, 0.11404087013843107, 0.0, 0.013974455296769347, 0.05805086964945316,0
0.27734976887519436, 0.11404087013843107, 0.0, 0.01517655897821187, 0.05334709634832236,0
0.29583975346687424, 0.12107229180399909, 0.0, 0.016378662659654396, 0.06437965953304448,0
0.2865947611710343, 0.1186552406064601, 0.0, 0.015477084898572501, 0.059836083823900196,0
0.2865947611710343, 0.1162381894089211, 0.0, 0.013974455296769347, 0.05766732519283095,0
0.29583975346687424, 0.11404087013843107, 0.0, 0.01217129977460556, 0.05805086964945316,0
0.27734976887519436, 0.1162381894089211, 0.0, 0.01187077385424493, 0.05531251695804868,0
0.27734976887519436, 0.1162381894089211, 0.0, 0.013072877535687453, 0.05531251695804868,0
0.2865947611710343, 0.11184355086794104, 0.0, 0.012471825694966191, 0.05372427430605297,0
0.29583975346687424, 0.1162381894089211, 0.0, 0.012471825694966191, 0.06002856413468962,0
0.29583975346687424, 0.11206328279499014, 0.0, 0.013072877535687453, 0.0562709853035936,0
0.29583975346687424, 0.11184355086794104, 0.0, 0.012772351615326822, 0.05607322275579998,0
0.29583975346687424, 0.11184355086794104, 0.0, 0.013373403456048084, 0.05607322275579998,0
0.27734976887519436, 0.11404087013843107, 0.0, 0.010969196093163035, 0.05334709634832236,0
0.27734976887519436, 0.11184355086794104, 0.0, 0.011269722013523666, 0.051381722742642105,0
0.2705701078582388, 0.10906027979198847, 0.0, 0.011970949161032023, 0.04718418126733551,0
0.27734976887519436, 0.1162381894089211, 0.0, 0.013974455296769347, 0.05531251695804868,0
0.27734976887519436, 0.1162381894089211, 0.0, 0.013974455296769347, 0.05531251695804868,0
0.27734976887519436, 0.10986596352450012, 0.0, 0.01728024042073629, 0.04961292668459567,0
0.27734976887519436, 0.10788837618105904, 0.0, 0.012772351615326822, 0.047844168697229926,0
0.2570107858243469, 0.11184355086794104, 0.0, 0.012471825694966191, 0.04625055267128896,0
0.2637904468413024, 0.11184355086794104, 0.0, 0.00996744302529405, 0.047957520446295955,0
0.27734976887519436, 0.11184355086794104, 0.0, 0.013072877535687453, 0.051381722742642105,0
0.27734976887519436, 0.10788837618105904, 0.0, 0.012471825694966191, 0.047844168697229926,0
0.27734976887519436, 0.105691056910569, 0.0, 0.013673929376408715, 0.045878926693909014,0
0.2671802773497706, 0.1012964183695891, 0.0, 0.013373403456048084, 0.03941140637863018,0
0.2570107858243469, 0.10642349666740053, 0.0, 0.012772351615326822, 0.04143593865226708,0
0.2570107858243469, 0.10986596352450012, 0.0, 0.010668670172802404, 0.04449383649255254,0
0.2570107858243469, 0.10788837618105904, 0.0, 0.007963936889556725, 0.042737157867448326,0
0.27734976887519436, 0.10788837618105904, 0.0, 0.009767092411720512, 0.047844168697229926,0
0.27734976887519436, 0.10788837618105904, 0.0, 0.013673929376408715, 0.047844168697229926,0
0.27734976887519436, 0.10788837618105904, 0.0, 0.012471825694966191, 0.047844168697229926,0
0.27734976887519436, 0.10788837618105904, 0.0, 0.008865514650638617, 0.047844168697229926,0
0.2835130970724146, 0.10642349666740053, 0.0, 0.010167793638868236, 0.048084921152851685,0
0.281972265023114, 0.1067897165458141, 0.0, 0.01217129977460556, 0.048024976920234046,0
0.27734976887519436, 0.10349373764007913, 0.0, 0.01187077385424493, 0.043913731688226855,0
0.27734976887519436, 0.10349373764007913, 0.0, 0.010969196093163035, 0.043913731688226855,0
0.2835130970724146, 0.10349373764007913, 0.0, 0.012371650388179098, 0.04545920686951095,0
0.27734976887519436, 0.10349373764007913, 0.0, 0.01217129977460556, 0.043913731688226855,0
0.27734976887519436, 0.10349373764007913, 0.0, 0.012772351615326822, 0.043913731688226855,0
0.27734976887519436, 0.10349373764007913, 0.0, 0.014575507137490609, 0.043913731688226855,0
0.27734976887519436, 0.10349373764007913, 0.0, 0.014575507137490609, 0.043913731688226855,0
0.27734976887519436, 0.10349373764007913, 0.0, 0.015777610818933134, 0.043913731688226855,0
0.2835130970724146, 0.09748773163407155, 0.0, 0.011770598547457834, 0.04007675486127304,0
0.281972265023114, 0.10239507800483404, 0.0, 0.011570247933884297, 0.04408846405280469,0
0.27734976887519436, 0.1012964183695891, 0.0, 0.010067618332081142, 0.04194858367850012,0
0.27734976887519436, 0.10349373764007913, 0.0, 0.014274981217129978, 0.043913731688226855,0
0.2835130970724146, 0.09909909909909906, 0.0, 0.011970949161032023, 0.041520792746526834,0
0.2865947611710343, 0.09909909909909906, 0.0, 0.010368144252441773, 0.04229049650427353,0
0.27734976887519436, 0.09668204790156007, 0.0, 0.007362885048835462, 0.03782192582239938,0
0.2865947611710343, 0.09909909909909906, 0.0, 0.007663410969196093, 0.04229049650427353,0
0.2865947611710343, 0.09909909909909906, 0.0, 0.012772351615326822, 0.04229049650427353,0
0.27734976887519436, 0.09909909909909906, 0.0, 0.01217129977460556, 0.03998348266303751,0
0.27734976887519436, 0.09909909909909906, 0.0, 0.01217129977460556, 0.03998348266303751,0
0.29583975346687424, 0.09748773163407155, 0.0, 0.012471825694966191, 0.043153767439656925,0
0.27734976887519436, 0.09909909909909906, 0.0, 0.007963936889556725, 0.03998348266303751,0
0.2835130970724146, 0.09748773163407155, 0.0, 0.008164287503130262, 0.04007675486127304,0
0.2835130970724146, 0.09587636416904859, 0.0, 0.010368144252441773, 0.038632742351788596,0
0.29583975346687424, 0.09668204790156007, 0.0, 0.013974455296769347, 0.04242875615928403,0
0.29583975346687424, 0.09909909909909906, 0.0, 0.01487603305785124, 0.044603809190545185,0
0.27734976887519436, 0.09909909909909906, 0.0, 0.012471825694966191, 0.03998348266303751,0
0.2865947611710343, 0.09668204790156007, 0.0, 0.01187077385424493, 0.04012220086208422,0
0.2865947611710343, 0.09668204790156007, 0.0, 0.010368144252441773, 0.04012220086208422,0
0.27734976887519436, 0.09909909909909906, 0.0, 0.01217129977460556, 0.03998348266303751,0
0.29583975346687424, 0.09909909909909906, 0.0, 0.015777610818933134, 0.044603809190545185,0
0.27734976887519436, 0.09426499670402108, 0.0, 0.010067618332081142, 0.035660425840539266,0
0.2865947611710343, 0.09909909909909906, 0.0, 0.010969196093163035, 0.04229049650427353,0
0.29583975346687424, 0.09909909909909906, 0.0, 0.01217129977460556, 0.044603809190545185,0
0.2865947611710343, 0.09909909909909906, 0.0, 0.012772351615326822, 0.04229049650427353,0
0.2865947611710343, 0.09426499670402108, 0.0, 0.013072877535687453, 0.03795396243294684,0
0.27734976887519436, 0.09668204790156007, 0.0, 0.013673929376408715, 0.03782192582239938,0
0.27734976887519436, 0.09206767743353104, 0.0, 0.013072877535687453, 0.03369547519540637,0
0.27734976887519436, 0.09426499670402108, 0.0, 0.012471825694966191, 0.035660425840539266,0
0.27734976887519436, 0.09909909909909906, 0.0, 0.01217129977460556, 0.03998348266303751,0
0.27734976887519436, 0.09909909909909906, 0.0, 0.012471825694966191, 0.03998348266303751,0
0.27734976887519436, 0.09909909909909906, 0.0, 0.013072877535687453, 0.03998348266303751,0
0.27734976887519436, 0.09909909909909906, 0.0, 0.01517655897821187, 0.03998348266303751,0
0.27734976887519436, 0.09668204790156007, 0.0, 0.014575507137490609, 0.03782192582239938,0
0.2671802773497706, 0.09668204790156007, 0.0, 0.013373403456048084, 0.035298859457892774,0
0.27734976887519436, 0.09909909909909906, 0.0, 0.012772351615326822, 0.03998348266303751,0
0.27734976887519436, 0.09448472863107003, 0.0, 0.013072877535687453, 0.035856923489413904,0
0.27734976887519436, 0.09426499670402108, 0.0, 0.010969196093163035, 0.035660425840539266,0
0.27734976887519436, 0.09909909909909906, 0.0, 0.012471825694966191, 0.03998348266303751,0
0.2637904468413024, 0.09426499670402108, 0.0, 0.01136989732031076, 0.03230786825808311,0
0.2570107858243469, 0.09133523767669953, 0.0, 0.009566741798146974, 0.02803457972117117,0
0.2570107858243469, 0.08987035816304101, 0.0, 0.010067618332081142, 0.02673359330732988,0
0.2570107858243469, 0.09587636416904859, 0.0, 0.01297270222890036, 0.03206776851524647,0
0.2570107858243469, 0.09206767743353104, 0.0, 0.010368144252441773, 0.028685080652825757,0
0.2570107858243469, 0.08591518347615902, 0.0, 0.010368144252441773, 0.023221032879975144,0
0.2570107858243469, 0.09426499670402108, 0.0, 0.0067618332081141996, 0.030636614347450648,0
0.2570107858243469, 0.09587636416904859, 0.0, 0.008765339343851524, 0.03206776851524647,0
0.2570107858243469, 0.09133523767669953, 0.0, 0.010368144252441773, 0.02803457972117117,0
0.2570107858243469, 0.08987035816304101, 0.0, 0.010969196093163035, 0.02673359330732988,0
0.2570107858243469, 0.08987035816304101, 0.0, 0.012471825694966191, 0.02673359330732988,0
0.2671802773497706, 0.08987035816304101, 0.0, 0.010368144252441773, 0.029228333021456592,0
0.2671802773497706, 0.08987035816304101, 0.0, 0.012772351615326822, 0.029228333021456592,0
0.27734976887519436, 0.08987035816304101, 0.0, 0.012772351615326822, 0.031730571537462046,0
0.27734976887519436, 0.08987035816304101, 0.0, 0.013673929376408715, 0.031730571537462046,0
0.27734976887519436, 0.08987035816304101, 0.0, 0.014174805910342885, 0.031730571537462046,0
0.27734976887519436, 0.08789277081960009, 0.0, 0.013072877535687453, 0.02996219841796607,0
0.27734976887519436, 0.08789277081960009, 0.0, 0.012772351615326822, 0.02996219841796607,0
0.27734976887519436, 0.08591518347615902, 0.0, 0.012772351615326822, 0.02819386335549958,0
0.27734976887519436, 0.08987035816304101, 0.0, 0.013373403456048084, 0.031730571537462046,0
0.27734976887519436, 0.08987035816304101, 0.0, 0.010668670172802404, 0.031730571537462046,0
0.27734976887519436, 0.08591518347615902, 0.0, 0.013974455296769347, 0.02819386335549958,0
0.2570107858243469, 0.0844503039625005, 0.0, 0.01136989732031076, 0.021920122679543512,0
0.2570107858243469, 0.08855196660074711, 0.0, 0.009566741798146974, 0.025562723146928944,0
0.2570107858243469, 0.08888156449132048, 0.0, 0.010969196093163035, 0.025855439122820758,0
0.2570107858243469, 0.08690397714787955, 0.0, 0.013072877535687453, 0.024099158909294646,0
0.2570107858243469, 0.08591518347615902, 0.0, 0.013072877535687453, 0.023221032879975144,0
0.2570107858243469, 0.08591518347615902, 0.0, 0.010067618332081142, 0.023221032879975144,0
0.2570107858243469, 0.08789277081960009, 0.0, 0.011570247933884297, 0.024977294323523934,0
0.2570107858243469, 0.08591518347615902, 0.0, 0.013673929376408715, 0.023221032879975144,0
0.2570107858243469, 0.0815205449351791, 0.0, 0.013974455296769347, 0.01931836406939685,0
0.2570107858243469, 0.08789277081960009, 0.0, 0.010368144252441773, 0.024977294323523934,0
0.2570107858243469, 0.08855196660074711, 0.0, 0.012772351615326822, 0.025562723146928944,0
0.2570107858243469, 0.08789277081960009, 0.0, 0.013373403456048084, 0.024977294323523934,0
0.2570107858243469, 0.08591518347615902, 0.0, 0.013072877535687453, 0.023221032879975144,0
0.2570107858243469, 0.08591518347615902, 0.0, 0.008865514650638617, 0.023221032879975144,0
0.2570107858243469, 0.08591518347615902, 0.0, 0.012371650388179098, 0.023221032879975144,0
0.27734976887519436, 0.08789277081960009, 0.0, 0.01217129977460556, 0.02996219841796607,0
0.2570107858243469, 0.08591518347615902, 0.0, 0.01517655897821187, 0.023221032879975144,0
0.2671802773497706, 0.08591518347615902, 0.0, 0.012772351615326822, 0.025703717017543794,0
0.2705701078582388, 0.08723357503845307, 0.0, 0.011970949161032023, 0.027709133096655434,0
0.27734976887519436, 0.08591518347615902, 0.0, 0.013373403456048084, 0.02819386335549958,0
0.2671802773497706, 0.08591518347615902, 0.0, 0.012471825694966191, 0.025703717017543794,0
0.2570107858243469, 0.0815205449351791, 0.0, 0.011570247933884297, 0.01931836406939685,0
0.2570107858243469, 0.08591518347615902, 0.0, 0.012772351615326822, 0.023221032879975144,0
0.2570107858243469, 0.08591518347615902, 0.0, 0.015777610818933134, 0.023221032879975144,0
0.2570107858243469, 0.08591518347615902, 0.0, 0.012772351615326822, 0.023221032879975144,0
0.2671802773497706, 0.08591518347615902, 0.0, 0.010368144252441773, 0.025703717017543794,0
0.2671802773497706, 0.08591518347615902, 0.0, 0.013373403456048084, 0.025703717017543794,0
0.27734976887519436, 0.08591518347615902, 0.0, 0.01487603305785124, 0.02819386335549958,0
0.27734976887519436, 0.08591518347615902, 0.0, 0.012772351615326822, 0.02819386335549958,0
0.2671802773497706, 0.08591518347615902, 0.0, 0.013974455296769347, 0.025703717017543794,0
0.2671802773497706, 0.08591518347615902, 0.0, 0.01187077385424493, 0.025703717017543794,0
0.2705701078582388, 0.08591518347615902, 0.0, 0.010067618332081142, 0.026532935714499276,0
0.2570107858243469, 0.08591518347615902, 0.0, 0.010368144252441773, 0.023221032879975144,0
0.27734976887519436, 0.08591518347615902, 0.0, 0.013974455296769347, 0.02819386335549958,0
0.27734976887519436, 0.08789277081960009, 0.0, 0.014274981217129978, 0.02996219841796607,0
0.2705701078582388, 0.0844503039625005, 0.0, 0.01597796143250667, 0.0252260694811809,0
0.2570107858243469, 0.0815205449351791, 0.0, 0.013373403456048084, 0.01931836406939685,0
0.2570107858243469, 0.0815205449351791, 0.0, 0.011570247933884297, 0.01931836406939685,0
0.2570107858243469, 0.08371786420566898, 0.0, 0.010969196093163035, 0.021269675303259322,0
0.2570107858243469, 0.08591518347615902, 0.0, 0.007663410969196093, 0.023221032879975144,0
0.2570107858243469, 0.08591518347615902, 0.0, 0.009767092411720512, 0.023221032879975144,0
0.2570107858243469, 0.08591518347615902, 0.0, 0.011269722013523666, 0.023221032879975144,0
0.2570107858243469, 0.0815205449351791, 0.0, 0.013373403456048084, 0.01931836406939685,0
0.2570107858243469, 0.08591518347615902, 0.0, 0.009166040570999248, 0.023221032879975144,0
0.2570107858243469, 0.08591518347615902, 0.0, 0.011269722013523666, 0.023221032879975144,0
0.2570107858243469, 0.08591518347615902, 0.0, 0.01187077385424493, 0.023221032879975144,0
0.2671802773497706, 0.08591518347615902, 0.0, 0.013072877535687453, 0.025703717017543794,0
0.2570107858243469, 0.08591518347615902, 0.0, 0.009767092411720512, 0.023221032879975144,0
0.2570107858243469, 0.0844503039625005, 0.0, 0.009566741798146974, 0.021920122679543512,0
0.2570107858243469, 0.08591518347615902, 0.0, 0.011570247933884297, 0.023221032879975144,0
0.2570107858243469, 0.08591518347615902, 0.0, 0.010368144252441773, 0.023221032879975144,0
0.2570107858243469, 0.08591518347615902, 0.0, 0.010969196093163035, 0.023221032879975144,0
0.2671802773497706, 0.0815205449351791, 0.0, 0.011269722013523666, 0.02178765433012476,0
0.2570107858243469, 0.08591518347615902, 0.0, 0.01217129977460556, 0.023221032879975144,0
0.2570107858243469, 0.08591518347615902, 0.0, 0.01487603305785124, 0.023221032879975144,0
0.2570107858243469, 0.08591518347615902, 0.0, 0.012772351615326822, 0.023221032879975144,0
0.2570107858243469, 0.08591518347615902, 0.0, 0.011570247933884297, 0.023221032879975144,0
0.2570107858243469, 0.08371786420566898, 0.0, 0.01217129977460556, 0.021269675303259322,0
0.2570107858243469, 0.08591518347615902, 0.0, 0.007663410969196093, 0.023221032879975144,0
0.2570107858243469, 0.08591518347615902, 0.0, 0.006160781367392938, 0.023221032879975144,0
0.2570107858243469, 0.0844503039625005, 0.0, 0.010368144252441773, 0.021920122679543512,0
0.2570107858243469, 0.0815205449351791, 0.0, 0.012772351615326822, 0.01931836406939685,0
0.25084745762712657, 0.0815205449351791, 0.0, 0.009566741798146974, 0.017825428399063464,0
0.23852080123266697, 0.08371786420566898, 0.0, 0.008564988730277986, 0.01678688424984604,0
0.24776579352850692, 0.08591518347615902, 0.0, 0.007663410969196093, 0.020970506612376368,0
0.24776579352850692, 0.08591518347615902, 0.0, 0.012471825694966191, 0.020970506612376368,0
0.24776579352850692, 0.08591518347615902, 0.0, 0.013072877535687453, 0.020970506612376368,0
0.2570107858243469, 0.08591518347615902, 0.0, 0.008564988730277986, 0.023221032879975144,0
0.2570107858243469, 0.08371786420566898, 0.0, 0.01217129977460556, 0.021269675303259322,0
0.24776579352850692, 0.08371786420566898, 0.0, 0.012471825694966191, 0.01902521970825312,0
0.25084745762712657, 0.0844503039625005, 0.0, 0.011970949161032023, 0.020421788589366094,0
0.2570107858243469, 0.08591518347615902, 0.0, 0.010368144252441773, 0.023221032879975144,0
0.24776579352850692, 0.08591518347615902, 0.0, 0.010668670172802404, 0.020970506612376368,0
0.2570107858243469, 0.08591518347615902, 0.0, 0.010969196093163035, 0.023221032879975144,0
0.2570107858243469, 0.08371786420566898, 0.0, 0.011169546706736573, 0.021269675303259322,0
0.2570107858243469, 0.08591518347615902, 0.0, 0.01217129977460556, 0.023221032879975144,0
0.2570107858243469, 0.08591518347615902, 0.0, 0.011570247933884297, 0.023221032879975144,0
0.2570107858243469, 0.08591518347615902, 0.0, 0.010368144252441773, 0.023221032879975144,0
0.24776579352850692, 0.08591518347615902, 0.0, 0.011269722013523666, 0.020970506612376368,0
0.2570107858243469, 0.08591518347615902, 0.0, 0.010568494866015311, 0.023221032879975144,0
0.2570107858243469, 0.08591518347615902, 0.0, 0.009767092411720512, 0.023221032879975144,0
0.25084745762712657, 0.0844503039625005, 0.0, 0.011970949161032023, 0.020421788589366094,0
0.24776579352850692, 0.0815205449351791, 0.0, 0.011269722013523666, 0.017079978859720485,0
0.23852080123266697, 0.08789277081960009, 0.0, 0.009166040570999248, 0.02047146598914972,0
0.23852080123266697, 0.08789277081960009, 0.0, 0.007663410969196093, 0.02047146598914972,0
0.23852080123266697, 0.08789277081960009, 0.0, 0.010668670172802404, 0.02047146598914972,0
0.23852080123266697, 0.08987035816304101, 0.0, 0.011570247933884297, 0.02221685185485395,0
0.23852080123266697, 0.08591518347615902, 0.0, 0.01217129977460556, 0.018726117199640898,0
0.23852080123266697, 0.08789277081960009, 0.0, 0.013673929376408715, 0.02047146598914972,0
0.23852080123266697, 0.08987035816304101, 0.0, 0.011269722013523666, 0.02221685185485395,0
0.23852080123266697, 0.08888156449132048, 0.0, 0.012021036814425245, 0.02134415428740241,0
0.23852080123266697, 0.08591518347615902, 0.0, 0.014575507137490609, 0.018726117199640898,0
0.23852080123266697, 0.08591518347615902, 0.0, 0.012471825694966191, 0.018726117199640898,0
0.23852080123266697, 0.08591518347615902, 0.0, 0.012772351615326822, 0.018726117199640898,0
0.2302003081664115, 0.08569545154911005, 0.0, 0.015477084898572501, 0.016518019954599224,0
0.23852080123266697, 0.08987035816304101, 0.0, 0.014274981217129978, 0.02221685185485395,0
0.23852080123266697, 0.08987035816304101, 0.0, 0.014575507137490609, 0.02221685185485395,0
0.23852080123266697, 0.08987035816304101, 0.0, 0.013974455296769347, 0.02221685185485395,0
0.23852080123266697, 0.08987035816304101, 0.0, 0.016979714500375657, 0.02221685185485395,0
0.23852080123266697, 0.08987035816304101, 0.0, 0.016378662659654396, 0.02221685185485395,0
0.23852080123266697, 0.08789277081960009, 0.0, 0.014575507137490609, 0.02047146598914972,0
0.23852080123266697, 0.08987035816304101, 0.0, 0.015477084898572501, 0.02221685185485395,0
0.23852080123266697, 0.09206767743353104, 0.0, 0.01217129977460556, 0.024156212969280343,0
0.2302003081664115, 0.09009009009009013, 0.0, 0.012772351615326822, 0.020385744704482445,0
0.23852080123266697, 0.08855196660074711, 0.0, 0.014575507137490609, 0.021053257158081227,0
0.23852080123266697, 0.08987035816304101, 0.0, 0.013373403456048084, 0.02221685185485395,0
0.23852080123266697, 0.08987035816304101, 0.0, 0.012772351615326822, 0.02221685185485395,0
0.23852080123266697, 0.08987035816304101, 0.0, 0.014575507137490609, 0.02221685185485395,0
0.23852080123266697, 0.08789277081960009, 0.0, 0.013072877535687453, 0.02047146598914972,0
0.23852080123266697, 0.08789277081960009, 0.0, 0.015777610818933134, 0.02047146598914972,0
0.23852080123266697, 0.08987035816304101, 0.0, 0.01217129977460556, 0.02221685185485395,0
0.23852080123266697, 0.08591518347615902, 0.0, 0.012772351615326822, 0.018726117199640898,0
0.2302003081664115, 0.08789277081960009, 0.0, 0.01217129977460556, 0.018451859570814515,0
0.2302003081664115, 0.08789277081960009, 0.0, 0.01187077385424493, 0.018451859570814515,0
0.2302003081664115, 0.08789277081960009, 0.0, 0.01217129977460556, 0.018451859570814515,0
0.22187981510015534, 0.08789277081960009, 0.0, 0.01217129977460556, 0.016437214053502847,0
0.2302003081664115, 0.09206767743353104, 0.0, 0.011570247933884297, 0.022126280243534392,0
0.22187981510015534, 0.08987035816304101, 0.0, 0.012772351615326822, 0.018172829466117226,0
0.23852080123266697, 0.08987035816304101, 0.0, 0.01217129977460556, 0.02221685185485395,0
0.2302003081664115, 0.08789277081960009, 0.0, 0.010668670172802404, 0.018451859570814515,0
0.23852080123266697, 0.08987035816304101, 0.0, 0.01217129977460556, 0.02221685185485395,0
0.23852080123266697, 0.08789277081960009, 0.0, 0.012772351615326822, 0.02047146598914972,0
0.23852080123266697, 0.09206767743353104, 0.0, 0.010368144252441773, 0.024156212969280343,0
0.23852080123266697, 0.08987035816304101, 0.0, 0.011169546706736573, 0.02221685185485395,0
0.23852080123266697, 0.08591518347615902, 0.0, 0.015777610818933134, 0.018726117199640898,0
0.23852080123266697, 0.08987035816304101, 0.0, 0.015777610818933134, 0.02221685185485395,0
0.23852080123266697, 0.08723357503845307, 0.0, 0.01758076634109692, 0.019889678939794292,0
0.22187981510015534, 0.08591518347615902, 0.0, 0.011570247933884297, 0.014701635304057334,0
0.22742681047765945, 0.08723357503845307, 0.0, 0.008865514650638617, 0.017200146269079782,0
0.23852080123266697, 0.08789277081960009, 0.0, 0.01217129977460556, 0.02047146598914972,0
0.23852080123266697, 0.0815205449351791, 0.0, 0.014575507137490609, 0.014847697070057259,0
0.23852080123266697, 0.08591518347615902, 0.0, 0.011570247933884297, 0.018726117199640898,0
0.22187981510015534, 0.08591518347615902, 0.0, 0.007963936889556725, 0.014701635304057334,0
0.23852080123266697, 0.08591518347615902, 0.0, 0.010969196093163035, 0.018726117199640898,0
0.23852080123266697, 0.08591518347615902, 0.0, 0.012371650388179098, 0.018726117199640898,0
0.23852080123266697, 0.08481652384091408, 0.0, 0.009917355371900827, 0.017756495003391475,0
0.23297380585516353, 0.08298542444883762, 0.0, 0.012371650388179098, 0.014801621952650596,0
0.2302003081664115, 0.08371786420566898, 0.0, 0.010668670172802404, 0.014777603216103451,0
0.23852080123266697, 0.08591518347615902, 0.0, 0.010368144252441773, 0.018726117199640898,0
0.23852080123266697, 0.08591518347615902, 0.0, 0.012471825694966191, 0.018726117199640898,0
0.23852080123266697, 0.0815205449351791, 0.0, 0.01187077385424493, 0.014847697070057259,0
0.23852080123266697, 0.08591518347615902, 0.0, 0.011570247933884297, 0.018726117199640898,0
0.23852080123266697, 0.08591518347615902, 0.0, 0.012772351615326822, 0.018726117199640898,0
0.23852080123266697, 0.0815205449351791, 0.0, 0.009767092411720512, 0.014847697070057259,0
0.23852080123266697, 0.08371786420566898, 0.0, 0.01517655897821187, 0.01678688424984604,0
0.23852080123266697, 0.08591518347615902, 0.0, 0.015777610818933134, 0.018726117199640898,0
0.23852080123266697, 0.08591518347615902, 0.0, 0.01217129977460556, 0.018726117199640898,0
0.23852080123266697, 0.08371786420566898, 0.0, 0.012471825694966191, 0.01678688424984604,0
0.23852080123266697, 0.0815205449351791, 0.0, 0.010969196093163035, 0.014847697070057259,0
0.24468412942988726, 0.08005566542152043, 0.0, 0.011970949161032023, 0.015039752274864397,0
0.2570107858243469, 0.0815205449351791, 0.0, 0.012772351615326822, 0.01931836406939685,0
0.2570107858243469, 0.0815205449351791, 0.0, 0.012772351615326822, 0.01931836406939685,0
0.2570107858243469, 0.0815205449351791, 0.0, 0.014274981217129978, 0.01931836406939685,0
0.2570107858243469, 0.0815205449351791, 0.0, 0.011970949161032023, 0.01931836406939685,0
0.2570107858243469, 0.0815205449351791, 0.0, 0.010217881292261458, 0.01931836406939685,0
0.2570107858243469, 0.07712590639419904, 0.0, 0.009466566491359879, 0.015415880623640183,0
0.2570107858243469, 0.0815205449351791, 0.0, 0.012772351615326822, 0.01931836406939685,0
0.23852080123266697, 0.0815205449351791, 0.0, 0.013673929376408715, 0.014847697070057259,0
0.23852080123266697, 0.07229180399912105, 0.0, 0.011570247933884297, 0.006703610686810023,0
0.2302003081664115, 0.0815205449351791, 0.0, 0.01217129977460556, 0.012843850078625707,0
0.23852080123266697, 0.08591518347615902, 0.0, 0.012772351615326822, 0.018726117199640898,0
0.23852080123266697, 0.08371786420566898, 0.0, 0.012471825694966191, 0.01678688424984604,0
0.22187981510015534, 0.0815205449351791, 0.0, 0.011570247933884297, 0.010844924895959883,0
0.22187981510015534, 0.0815205449351791, 0.0, 0.010969196093163035, 0.010844924895959883,0
0.22187981510015534, 0.0815205449351791, 0.0, 0.013373403456048084, 0.010844924895959883,0
0.22187981510015534, 0.0815205449351791, 0.0, 0.01517655897821187, 0.010844924895959883,0
0.22187981510015534, 0.0815205449351791, 0.0, 0.011570247933884297, 0.010844924895959883,0
0.20338983050847612, 0.0815205449351791, 0.0, 0.010368144252441773, 0.006420437978711944,0
0.22187981510015534, 0.0815205449351791, 0.0, 0.009466566491359879, 0.010844924895959883,0
0.22187981510015534, 0.0815205449351791, 0.0, 0.011970949161032023, 0.010844924895959883,0
0.22187981510015534, 0.0815205449351791, 0.0, 0.011570247933884297, 0.010844924895959883,0
0.22187981510015534, 0.0815205449351791, 0.0, 0.010368144252441773, 0.010844924895959883,0
0.22187981510015534, 0.0815205449351791, 0.0, 0.011169546706736573, 0.010844924895959883,0
0.22187981510015534, 0.0815205449351791, 0.0, 0.011970949161032023, 0.010844924895959883,0
0.22187981510015534, 0.0815205449351791, 0.0, 0.012772351615326822, 0.010844924895959883,0
0.22187981510015534, 0.0815205449351791, 0.0, 0.009767092411720512, 0.010844924895959883,0
0.22187981510015534, 0.0815205449351791, 0.0, 0.009767092411720512, 0.010844924895959883,0
0.22187981510015534, 0.0815205449351791, 0.0, 0.01217129977460556, 0.010844924895959883,0
0.22187981510015534, 0.0815205449351791, 0.0, 0.013974455296769347, 0.010844924895959883,0
0.22187981510015534, 0.0815205449351791, 0.0, 0.016378662659654396, 0.010844924895959883,0
0.22187981510015534, 0.0815205449351791, 0.0, 0.013974455296769347, 0.010844924895959883,0
0.22187981510015534, 0.0815205449351791, 0.0, 0.013373403456048084, 0.010844924895959883,0
0.22187981510015534, 0.08005566542152043, 0.0, 0.010368144252441773, 0.009559394990375409,0
0.22187981510015534, 0.0815205449351791, 0.0, 0.007663410969196093, 0.010844924895959883,0
0.22187981510015534, 0.0815205449351791, 0.0, 0.011570247933884297, 0.010844924895959883,0
0.2302003081664115, 0.0815205449351791, 0.0, 0.016078136739293765, 0.012843850078625707,0
0.23852080123266697, 0.0815205449351791, 0.0, 0.012772351615326822, 0.014847697070057259,0
0.23852080123266697, 0.07712590639419904, 0.0, 0.01758076634109692, 0.010969460014006414,0
0.23852080123266697, 0.07712590639419904, 0.0, 0.015777610818933134, 0.010969460014006414,0
0.23852080123266697, 0.08005566542152043, 0.0, 0.014375156523917071, 0.013554931043843697,0
0.23852080123266697, 0.07712590639419904, 0.0, 0.015777610818933134, 0.010969460014006414,0
0.23852080123266697, 0.07712590639419904, 0.0, 0.013974455296769347, 0.010969460014006414,0
0.23852080123266697, 0.07712590639419904, 0.0, 0.013373403456048084, 0.010969460014006414,0
0.23852080123266697, 0.07932322566468906, 0.0, 0.015777610818933134, 0.01290855565864905,0
0.23852080123266697, 0.07712590639419904, 0.0, 0.01217129977460556, 0.010969460014006414,0
0.23852080123266697, 0.07712590639419904, 0.0, 0.013373403456048084, 0.010969460014006414,0
0.23852080123266697, 0.07712590639419904, 0.0, 0.013974455296769347, 0.010969460014006414,0
0.2302003081664115, 0.07712590639419904, 0.0, 0.01517655897821187, 0.008976480340443353,0
0.2302003081664115, 0.07932322566468906, 0.0, 0.015777610818933134, 0.010910142453939599,0
0.22187981510015534, 0.07712590639419904, 0.0, 0.014274981217129978, 0.006988395522054791,0
0.22187981510015534, 0.07712590639419904, 0.0, 0.011970949161032023, 0.006988395522054791,0
0.22187981510015534, 0.07712590639419904, 0.0, 0.008865514650638617, 0.006988395522054791,0
0.22187981510015534, 0.07712590639419904, 0.0, 0.008564988730277986, 0.006988395522054791,0
0.2302003081664115, 0.07932322566468906, 0.0, 0.011570247933884297, 0.010910142453939599,0
0.2302003081664115, 0.07932322566468906, 0.0, 0.01517655897821187, 0.010910142453939599,0
0.22187981510015534, 0.07712590639419904, 0.0, 0.013974455296769347, 0.006988395522054791,0
0.22187981510015534, 0.07712590639419904, 0.0, 0.012772351615326822, 0.006988395522054791,0
0.22187981510015534, 0.0815205449351791, 0.0, 0.013373403456048084, 0.010844924895959883,0
0.22187981510015534, 0.0815205449351791, 0.0, 0.013373403456048084, 0.010844924895959883,0
0.22187981510015534, 0.0815205449351791, 0.15338537830804713, 0.012772351615326822, 0.010844924895959883,0
0.2172573189522357, 0.0815205449351791, 0.25511857416408895, 0.01487603305785124, 0.009736533793732065,0
0.2172573189522357, 0.08481652384091408, 0.24893209603770805, 0.016829451540195342, 0.012624541158346258,0
0.22187981510015534, 0.08591518347615902, 0.24686993666224774, 0.01758076634109692, 0.014701635304057334,0
0.2172573189522357, 0.08591518347615902, 0.24686993666224774, 0.021487603305785124, 0.013587232839747818,0
0.20338983050847612, 0.08789277081960009, 0.24686993666224774, 0.022990232907588278, 0.011977932594078129,0
0.20955315870569638, 0.08591518347615902, 0.24097805273236117, 0.027598297019784838, 0.01173327760863047,0
0.2172573189522357, 0.08690397714787955, 0.2421564295183385, 0.02599549211119459, 0.01445366499762953,0
0.5033898305084777, 0.16501867721379912, 0.28884960966268963, 0.24237415477084898, 0.1618462639442019,0
0.49922958397534967, 0.16501867721379912, 0.28222124024156725, 0.24072126220886553, 0.16065070870668627,0
0.49922958397534967, 0.16018457481872114, 0.27927529827662395, 0.23636363636363636, 0.15599015570680813,0
0.49922958397534967, 0.16611733684904406, 0.2903225806451613, 0.23546205860255448, 0.1617099621358702,0
0.49922958397534967, 0.14634146341463408, 0.02592428929150096, 0.20555972952667168, 0.14264548774493907,0
0.49922958397534967, 0.14634146341463408, 0.035498600677566654, 0.20570999248685198, 0.1426454877449417,0
0.48998459167950975, 0.14524280377938914, 0.035793194874060984, 0.2048084147257701, 0.1389937009695042,0
0.48998459167950975, 0.14524280377938914, 0.033583738400353516, 0.2087152516904583, 0.1389937009695042,0
0.48073959938367045, 0.14304548450889912, 0.039475622330240094, 0.20751314800901577, 0.1343029985645946,0
0.48073959938367045, 0.14304548450889912, 0.039181028133745764, 0.2037565740045079, 0.1343029985645946,0
0.48073959938367045, 0.14304548450889912, 0.03122698482839888, 0.1962434259954921, 0.1343029985645946,0
0.4684129429892108, 0.1414341170438716, 0.03436932292433837, 0.19188580015026296, 0.1293375950351839,0
0.47149460708783053, 0.14304548450889912, 0.03623508616880247, 0.19248685199098423, 0.13173070920434052,0
0.4668721109399102, 0.14304548450889912, 0.028575637059949918, 0.18677685950413223, 0.13044717340696863,0
0.46224961479199056, 0.14183695891012962, 0.03682427456179113, 0.18482344102178813, 0.1280148229452972,0
0.46224961479199056, 0.14304548450889912, 0.04050670201797025, 0.18422238918106687, 0.12916537417051943,0
0.46224961479199056, 0.14183695891012962, 0.02769185447046693, 0.18126721763085382, 0.1280148229452972,0
0.4571648690292787, 0.14062843331136013, 0.032110767417881866, 0.18070623591284746, 0.12546022317750574,0
0.4520801232665668, 0.1382113821138211, 0.029459419649432907, 0.17746055597295265, 0.12176504288046829,0
0.4419106317411431, 0.1382113821138211, 0.029459419649432907, 0.1777610818933133, 0.11897514657397087,0
0.4419106317411431, 0.1382113821138211, 0.03083419256640642, 0.17325319308790382, 0.11897514657397087,0
0.4419106317411431, 0.1382113821138211, 0.033583738400353516, 0.1681442524417731, 0.11897514657397087,0
0.4419106317411431, 0.1382113821138211, 0.04787155693032847, 0.16589030803906837, 0.11897514657397087,0
0.4419106317411431, 0.1297150809345946, 0.029459419649432907, 0.16644127222639638, 0.11094207658327797,0
0.4326656394453031, 0.1328279499011205, 0.03049049933716306, 0.1583771600300526, 0.11137180601674876,0
0.4234206471494632, 0.1310334724968885, 0.03436932292433837, 0.15542198847983954, 0.107179153204685,0
0.4234206471494632, 0.12839668937230056, 0.07738007561251024, 0.15181567743551197, 0.10470164063521202,0
0.46224961479199056, 0.11294221050318613, 0.32169686257180735, 0.14079639368895566, 0.10051098273631659,0
0.46224961479199056, 0.1162381894089211, 0.3376049491825011, 0.14420235411970966, 0.10364783800318783,0
0.47149460708783053, 0.11404087013843107, 0.33038739136839, 0.1508640120210368, 0.10403643260946199,0
0.48073959938367045, 0.11477330989526259, 0.30873471792605683, 0.14380165289256197, 0.1072243970189354,0
0.48073959938367045, 0.11184355086794104, 0.3163941670349094, 0.14440270473328323, 0.10441883427366182,0
0.4853620955315901, 0.10887716985277958, 0.32331713065252615, 0.14229902329075883, 0.10281646337008543,0
0.49922958397534967, 0.17996044825313115, 0.0, 0.21983471074380165, 0.17505772448121143,0
0.49460708782743, 0.18578334431992966, 0.0, 0.22148760330578512, 0.1793153089364885,0
0.48998459167950975, 0.1779828609096902, 0.0, 0.22103681442524417, 0.17046061876356344,0
0.48073959938367045, 0.1694133157547792, 0.0, 0.21803155522163786, 0.15956569271026766,0
0.4684129429892108, 0.1738079542957591, 0.0, 0.21071875782619567, 0.16022746797310158,0
0.46224961479199056, 0.1694133157547792, 0.0, 0.20751314800901577, 0.15427231852398315,0
0.46224961479199056, 0.1738079542957591, 0.0, 0.20300525920360632, 0.15845755466544828,0
0.46224961479199056, 0.1738079542957591, 0.0, 0.20030052592036063, 0.15845755466544828,0
0.46224961479199056, 0.17161063502526908, 0.0, 0.20270473328324567, 0.15636490996831598,0
0.46224961479199056, 0.1738079542957591, 0.0, 0.19669421487603306, 0.15845755466544828,0
0.4520801232665668, 0.1694133157547792, 0.0, 0.19579263711495115, 0.1513731636680551,0
0.4419106317411431, 0.16501867721379912, 0.0, 0.19108439769596813, 0.14432601370153952,0
0.4419106317411431, 0.16501867721379912, 0.0, 0.18797896318557475, 0.14432601370153952,0
0.4419106317411431, 0.16501867721379912, 0.0, 0.18707738542449287, 0.14432601370153952,0
0.4419106317411431, 0.16501867721379912, 0.0, 0.18617580766341096, 0.14432601370153952,0
0.4419106317411431, 0.16501867721379912, 0.0, 0.18407212622088656, 0.14432601370153952,0
0.42958397534668347, 0.16501867721379912, 0.0, 0.17926371149511644, 0.14085101436654396,0
0.42958397534668347, 0.16501867721379912, 0.0, 0.17485599799649404, 0.14085101436654396,0
0.4234206471494632, 0.16501867721379912, 0.0, 0.17445529676934635, 0.1391182219195732,0
0.4234206471494632, 0.1603310627700856, 0.0, 0.17525669922364118, 0.13471209539821113,0
0.4234206471494632, 0.15578993627774107, 0.0, 0.16604057099924868, 0.13044388548636332,0
0.40677966101695157, 0.15578993627774107, 0.0, 0.16453794139744554, 0.1258292266427842,0
0.40677966101695157, 0.15381234893430015, 0.0, 0.15732531930879037, 0.12398089770466299,0
0.40677966101695157, 0.14963744232036905, 0.0, 0.15582268970698723, 0.12007900640094805,0
0.40677966101695157, 0.1518347615908591, 0.0, 0.15251690458302028, 0.12213261031900978,0
0.4021571648690319, 0.1518347615908591, 0.0, 0.15146506386175806, 0.12086048236166194,0
0.38828967642527235, 0.14963744232036905, 0.0, 0.15131480090157776, 0.11501353800027918,0
0.38828967642527235, 0.1518347615908591, 0.0, 0.14921111945905335, 0.11705444606290714,0
0.38828967642527235, 0.1518347615908591, 0.0, 0.14229902329075883, 0.11705444606290714,0
0.38828967642527235, 0.14744012304987916, 0.0, 0.14079639368895566, 0.11297268060262478,0
0.38828967642527235, 0.14744012304987916, 0.0, 0.13989481592787378, 0.11297268060262478,0
0.3790446841294324, 0.14524280377938914, 0.0, 0.13899323816679188, 0.1084220837354543,0
0.36979969183359246, 0.14304548450889912, 0.0, 0.13448534936138243, 0.10389097348654372,0
0.36979969183359246, 0.14304548450889912, 0.0, 0.13087903831705486, 0.10389097348654372,0
0.36979969183359246, 0.14304548450889912, 0.0, 0.12817430503380917, 0.10389097348654372,0
0.36979969183359246, 0.14304548450889912, 0.0, 0.1275732531930879, 0.10389097348654372,0
0.36979969183359246, 0.14304548450889912, 0.0, 0.12787377911344852, 0.10389097348654372,0
0.36979969183359246, 0.14062843331136013, 0.0, 0.12697220135236664, 0.10166008645328818,0
0.36979969183359246, 0.1382113821138211, 0.0, 0.12096168294515403, 0.09942925996114053,0
0.349460708782745, 0.14304548450889912, 0.0, 0.12246431254695718, 0.09842212591465915,0
0.3562403697997005, 0.14304548450889912, 0.0, 0.1183571249686954, 0.10024144024623408,0
0.36979969183359246, 0.1383578700651856, 0.0, 0.11705484598046581, 0.09956445984337703,0
0.36979969183359246, 0.1382113821138211, 0.0, 0.11374906085649887, 0.09942925996114053,0
0.36979969183359246, 0.1382113821138211, 0.0, 0.11134485349361382, 0.09942925996114053,0
0.349460708782745, 0.13381674357284107, 0.0, 0.10984222389181067, 0.08996250100456163,0
0.36979969183359246, 0.13381674357284107, 0.0, 0.10833959429000752, 0.09537336689087679,0
0.349460708782745, 0.13381674357284107, 0.0, 0.10773854244928625, 0.08996250100456163,0
0.349460708782745, 0.13381674357284107, 0.0, 0.10172802404207362, 0.08996250100456163,0
0.349460708782745, 0.13381674357284107, 0.0, 0.10152767342850005, 0.08996250100456163,0
0.349460708782745, 0.13381674357284107, 0.0, 0.09842223891810668, 0.08996250100456163,0
0.3596302003081687, 0.13381674357284107, 0.0, 0.09601803155522164, 0.09266388740546526,0
0.349460708782745, 0.13381674357284107, 0.0, 0.09782118707738542, 0.08996250100456163,0
0.349460708782745, 0.13183915622940015, 0.0, 0.0996243425995492, 0.08814983750346224,0
0.36979969183359246, 0.13381674357284107, 0.0, 0.09932381667918858, 0.09537336689087679,0
0.3596302003081687, 0.12986156888595907, 0.0, 0.09601803155522164, 0.08902619634121954,0
0.3630200308166369, 0.12693180985863767, 0.0, 0.0971199599298771, 0.08722676203476447,0
0.3596302003081687, 0.1296418369589101, 0.0, 0.09451540195341848, 0.08882410711340617,0
0.36979969183359246, 0.12107229180399909, 0.0, 0.09391435011269722, 0.08361240857269465,0
0.349460708782745, 0.12766424961546902, 0.0, 0.08970698722764839, 0.08432323471355235,0
0.349460708782745, 0.12107229180399909, 0.0, 0.08970698722764839, 0.07828159299679108,0
0.3309707241910651, 0.12546693034497916, 0.0, 0.08249436513899323, 0.07746576645885805,0
0.340215716486905, 0.12766424961546902, 0.0, 0.0830954169797145, 0.08189192439646294,0
0.3309707241910651, 0.12546693034497916, 0.0, 0.08349611820686219, 0.07746576645885805,0
0.3309707241910651, 0.12546693034497916, 0.0, 0.08069120961682945, 0.07746576645885805,0
0.3309707241910651, 0.12107229180399909, 0.0, 0.07468069120961683, 0.07346300199112736,0
0.31432973805855347, 0.1162381894089211, 0.0, 0.07197595792637115, 0.06477039444474832,0
0.3309707241910651, 0.12107229180399909, 0.0, 0.07227648384673178, 0.07346300199112736,0
0.3226502311248096, 0.1186552406064601, 0.0, 0.07407963936889557, 0.06910789134479192,0
0.31432973805855347, 0.1178495568739486, 0.0, 0.070473328324568, 0.06622978492745088,0
0.31432973805855347, 0.1198637662052296, 0.0, 0.07131480090157774, 0.06805405947388991,0
0.31432973805855347, 0.1186552406064601, 0.0, 0.06446280991735537, 0.06695948988688856,0
0.31432973805855347, 0.1162381894089211, 0.0, 0.06536438767843726, 0.06477039444474832,0
0.31432973805855347, 0.12107229180399909, 0.0, 0.0695717505634861, 0.06914864363856804,0
0.31432973805855347, 0.12107229180399909, 0.0, 0.070473328324568, 0.06914864363856804,0
0.3020030816640945, 0.11330843038159955, 0.0, 0.06666666666666685, 0.058963912998589316,0
0.29583975346687424, 0.11184355086794104, 0.0, 0.06746806912096168, 0.05607322275579998,0
0.29583975346687424, 0.11404087013843107, 0.0, 0.06626596543951915, 0.05805086964945316,0
0.29583975346687424, 0.11477330989526259, 0.0, 0.06746806912096168, 0.05871009585649551,0
0.29583975346687424, 0.11184355086794104, 0.0, 0.06296018031555221, 0.05607322275579998,0
0.29583975346687424, 0.1162381894089211, 0.0, 0.06416228399699474, 0.06002856413468962,0
0.3020030816640945, 0.1162381894089211, 0.0, 0.06406210869020768, 0.061606303484532395,0
0.29583975346687424, 0.11184355086794104, 0.0, 0.06205860255447032, 0.05607322275579998,0
0.29583975346687424, 0.11184355086794104, 0.0, 0.06205860255447032, 0.05607322275579998,0
0.3050847457627135, 0.11184355086794104, 0.0, 0.06055597295266717, 0.05842858307950116,0
0.29583975346687424, 0.11184355086794104, 0.0, 0.05815176558978212, 0.05607322275579998,0
0.27734976887519436, 0.11184355086794104, 0.0, 0.05364387678437265, 0.051381722742642105,0
0.27734976887519436, 0.11184355086794104, 0.0, 0.05424492862509391, 0.051381722742642105,0
0.27734976887519436, 0.11184355086794104, 0.0, 0.05304282494365139, 0.051381722742642105,0
0.2570107858243469, 0.10986596352450012, 0.0, 0.05274229902329076, 0.04449383649255254,0
0.24776579352850692, 0.11184355086794104, 0.0, 0.0512396694214876, 0.04392837076758504,0
0.2570107858243469, 0.1186552406064601, 0.0, 0.051840721262208865, 0.05230175141787565,0
0.2570107858243469, 0.11184355086794104, 0.0, 0.05063861758076634, 0.04625055267128896,0
0.2570107858243469, 0.11404087013843107, 0.0, 0.0512396694214876, 0.048202503582399435,0
0.2570107858243469, 0.11184355086794104, 0.0, 0.04763335837716003, 0.04625055267128896,0
0.27734976887519436, 0.11184355086794104, 0.0, 0.047933884297520664, 0.051381722742642105,0
0.27734976887519436, 0.11184355086794104, 0.0, 0.0473328324567994, 0.051381722742642105,0
0.2671802773497706, 0.10986596352450012, 0.0, 0.04763335837716003, 0.047049539616292546,0
0.2570107858243469, 0.11184355086794104, 0.0, 0.046731780616078133, 0.04625055267128896,0
0.2570107858243469, 0.11404087013843107, 0.0, 0.04763335837716003, 0.048202503582399435,0
0.27734976887519436, 0.11404087013843107, 0.0, 0.04613072877535687, 0.05334709634832236,0
0.2671802773497706, 0.11184355086794104, 0.0, 0.04522915101427498, 0.048812286574655965,0
0.2570107858243469, 0.11184355086794104, 0.0, 0.04312546957175056, 0.04625055267128896,0
0.2570107858243469, 0.10986596352450012, 0.0, 0.043726521412471825, 0.04449383649255254,0
0.2671802773497706, 0.11184355086794104, 0.0, 0.04132231404958678, 0.048812286574655965,0
0.27734976887519436, 0.11184355086794104, 0.0, 0.04282494365138993, 0.051381722742642105,0
0.27734976887519436, 0.11184355086794104, 0.0, 0.04222389181066867, 0.051381722742642105,0
0.27734976887519436, 0.11184355086794104, 0.0, 0.039819684447783624, 0.051381722742642105,0
0.27734976887519436, 0.10986596352450012, 0.0, 0.04222389181066867, 0.04961292668459567,0
0.27734976887519436, 0.11052515930564714, 0.0, 0.039819684447783624, 0.05020252114047505,0
0.27734976887519436, 0.10788837618105904, 0.0, 0.04102178812922615, 0.047844168697229926,0
0.2570107858243469, 0.10788837618105904, 0.0, 0.0386175807663411, 0.042737157867448326,0
0.2570107858243469, 0.10788837618105904, 0.0, 0.03741547708489857, 0.042737157867448326,0
0.2570107858243469, 0.11184355086794104, 0.0, 0.03681442524417731, 0.04625055267128896,0
0.2570107858243469, 0.10986596352450012, 0.0, 0.03801652892561983, 0.04449383649255254,0
0.2570107858243469, 0.10788837618105904, 0.0, 0.035612321562734785, 0.042737157867448326,0
0.2570107858243469, 0.10788837618105904, 0.0, 0.03681442524417731, 0.042737157867448326,0
0.2570107858243469, 0.10788837618105904, 0.0, 0.039819684447783624, 0.042737157867448326,0
0.2570107858243469, 0.10788837618105904, 0.0, 0.03801652892561983, 0.042737157867448326,0
0.2570107858243469, 0.10986596352450012, 0.0, 0.03831705484598046, 0.04449383649255254,0
0.2570107858243469, 0.10788837618105904, 0.0, 0.035812672176308326, 0.042737157867448326,0
0.2570107858243469, 0.10986596352450012, 0.0, 0.036213373403456046, 0.04449383649255254,0
0.2570107858243469, 0.10788837618105904, 0.0, 0.03501126972201352, 0.042737157867448326,0
0.2671802773497706, 0.10788837618105904, 0.0, 0.035311795642374154, 0.04528683046925429,0
0.27734976887519436, 0.10788837618105904, 0.0, 0.032607062359128476, 0.047844168697229926,0
0.27734976887519436, 0.10788837618105904, 0.0, 0.02539444027047333, 0.047844168697229926,0
0.2671802773497706, 0.105691056910569, 0.0, 0.027498121712997745, 0.04332830909545799,0
0.2570107858243469, 0.10349373764007913, 0.0, 0.029601803155522164, 0.0388335620346392,0
0.2570107858243469, 0.10349373764007913, 0.0, 0.03140495867768595, 0.0388335620346392,0
0.2570107858243469, 0.10788837618105904, 0.0, 0.03350864012021037, 0.042737157867448326,0
0.2570107858243469, 0.10349373764007913, 0.0, 0.030202854996243426, 0.0388335620346392,0
0.2570107858243469, 0.10349373764007913, 0.0, 0.027498121712997745, 0.0388335620346392,0
0.2570107858243469, 0.10788837618105904, 0.0, 0.024793388429752067, 0.042737157867448326,0
0.2570107858243469, 0.105691056910569, 0.0, 0.029601803155522164, 0.04078533677136071,0
0.2570107858243469, 0.10349373764007913, 0.0, 0.030403205609816963, 0.0388335620346392,0
0.2570107858243469, 0.10349373764007913, 0.0, 0.027197595792637114, 0.0388335620346392,0